task_id,agent,difficulty,category,pass_at_1,pass_at_5,passing_samples,total_samples,latency_median_ms,latency_mean_ms,latency_p95_ms,latency_std_ms,stability_score,exact_match_rate,unique_outputs,tags
CODEGEN-001,claude_code,easy,codegen-core,1.0,1.0,3,3,5922.69,6195.05,6926.94,608.77,1.0,1.0,1,"array,hash-table,easy"
CODEGEN-001,codex_cli,easy,codegen-core,1.0,1.0,3,3,4053.43,4594.0,6566.18,1662.1,0.4206,0.6667,2,"array,hash-table,easy"
CODEGEN-001,gemini_cli,easy,codegen-core,1.0,1.0,3,3,11361.87,11631.04,13182.48,1335.65,0.0,0.3333,3,"array,hash-table,easy"
CODEGEN-002,claude_code,easy,codegen-core,1.0,1.0,3,3,5109.8,5223.73,5458.28,194.11,1.0,1.0,1,"string,easy"
CODEGEN-002,codex_cli,easy,codegen-core,1.0,1.0,3,3,5050.56,5270.9,7176.13,1665.79,1.0,1.0,1,"string,easy"
CODEGEN-002,gemini_cli,easy,codegen-core,1.0,1.0,3,3,14027.41,19818.33,31958.59,10047.37,0.0,0.3333,3,"string,easy"
CODEGEN-003,claude_code,easy,codegen-core,1.0,1.0,3,3,5604.06,7601.69,11181.83,2970.95,1.0,1.0,1,"basic,loop,easy"
CODEGEN-003,codex_cli,easy,codegen-core,1.0,1.0,3,3,3658.76,3673.31,3851.17,157.07,1.0,1.0,1,"basic,loop,easy"
CODEGEN-003,gemini_cli,easy,codegen-core,1.0,1.0,3,3,10420.34,10329.27,10503.03,197.36,0.4206,0.6667,2,"basic,loop,easy"
CODEGEN-004,claude_code,medium,codegen-core,1.0,1.0,3,3,5153.63,5200.82,5345.84,121.26,1.0,1.0,1,"list,two-pointer,medium"
CODEGEN-004,codex_cli,medium,codegen-core,1.0,1.0,3,3,2872.78,3032.82,3419.11,320.29,1.0,1.0,1,"list,two-pointer,medium"
CODEGEN-004,gemini_cli,medium,codegen-core,1.0,1.0,3,3,10410.46,10034.83,10532.71,629.71,0.0,0.3333,3,"list,two-pointer,medium"
CODEGEN-005,claude_code,medium,codegen-core,1.0,1.0,3,3,5194.84,5254.52,5387.32,109.95,0.4206,0.6667,2,"stack,string,medium"
CODEGEN-005,codex_cli,medium,codegen-core,1.0,1.0,3,3,3825.42,3808.38,4474.68,610.02,0.0,0.3333,3,"stack,string,medium"
CODEGEN-005,gemini_cli,medium,codegen-core,1.0,1.0,3,3,9895.34,9988.57,10284.53,247.83,0.0,0.3333,3,"stack,string,medium"
CODEGEN-E001,claude_code,medium,codegen-core,1.0,1.0,3,3,7117.77,7545.37,8475.73,770.11,0.0,0.3333,3,"string,math,edge-case"
CODEGEN-E001,codex_cli,medium,codegen-core,1.0,1.0,3,3,5557.79,5716.27,6015.07,247.57,0.0,0.3333,3,"string,math,edge-case"
CODEGEN-E001,gemini_cli,medium,codegen-core,1.0,1.0,3,3,49510.3,53236.4,61551.9,6884.93,0.0,0.3333,3,"string,math,edge-case"
CODEGEN-E002,claude_code,medium,codegen-core,1.0,1.0,3,3,7077.84,6723.79,7196.95,596.74,1.0,1.0,1,"string,two-pointer"
CODEGEN-E002,codex_cli,medium,codegen-core,1.0,1.0,3,3,4199.04,4918.34,6566.23,1364.91,1.0,1.0,1,"string,two-pointer"
CODEGEN-E002,gemini_cli,medium,codegen-core,1.0,1.0,3,3,12249.25,13170.17,15509.0,1941.86,0.0,0.3333,3,"string,two-pointer"
CODEGEN-E003,claude_code,medium,codegen-core,1.0,1.0,3,3,5548.99,5441.04,5566.48,166.6,1.0,1.0,1,"math,recursion"
CODEGEN-E003,codex_cli,medium,codegen-core,1.0,1.0,3,3,3610.04,3694.4,3955.05,218.0,0.4206,0.6667,2,"math,recursion"
CODEGEN-E003,gemini_cli,medium,codegen-core,1.0,1.0,3,3,13271.56,13258.39,13995.36,672.85,0.0,0.3333,3,"math,recursion"
CODEGEN-H001,claude_code,hard,codegen-core,1.0,1.0,3,3,6517.48,6195.65,6578.4,503.76,0.4206,0.6667,2,"dynamic-programming,binary-search,hard"
CODEGEN-H001,codex_cli,hard,codegen-core,1.0,1.0,3,3,3511.93,3653.03,4412.95,652.28,0.0,0.3333,3,"dynamic-programming,binary-search,hard"
CODEGEN-H001,gemini_cli,hard,codegen-core,1.0,1.0,3,3,12618.82,12756.86,13437.19,581.63,0.0,0.3333,3,"dynamic-programming,binary-search,hard"
CODEGEN-H002,claude_code,hard,codegen-core,1.0,1.0,3,3,5109.35,5050.19,5285.81,236.27,1.0,1.0,1,"recursion,hard"
CODEGEN-H002,codex_cli,hard,codegen-core,1.0,1.0,3,3,4269.18,3931.59,4334.94,529.93,0.0,0.3333,3,"recursion,hard"
CODEGEN-H002,gemini_cli,hard,codegen-core,1.0,1.0,3,3,10843.31,10758.46,10946.31,206.27,0.0,0.3333,3,"recursion,hard"
CODEGEN-H003,claude_code,hard,codegen-core,1.0,1.0,3,3,5819.65,5832.55,5936.35,90.53,0.4206,0.6667,2,"backtracking,hard"
CODEGEN-H003,codex_cli,hard,codegen-core,1.0,1.0,3,3,4895.46,4760.23,5087.16,352.74,0.0,0.3333,3,"backtracking,hard"
CODEGEN-H003,gemini_cli,hard,codegen-core,1.0,1.0,3,3,34568.68,48126.98,74647.84,21958.54,0.0,0.3333,3,"backtracking,hard"
CODEGEN-H004,claude_code,hard,codegen-core,1.0,1.0,3,3,6515.05,6381.37,6692.54,338.22,1.0,1.0,1,"dynamic-programming,hard"
CODEGEN-H004,codex_cli,hard,codegen-core,1.0,1.0,3,3,3510.51,3785.34,4541.28,629.29,1.0,1.0,1,"dynamic-programming,hard"
CODEGEN-H004,gemini_cli,hard,codegen-core,1.0,1.0,3,3,15361.2,14257.63,15865.92,1970.57,0.0,0.3333,3,"dynamic-programming,hard"
CODEGEN-H005,claude_code,hard,codegen-core,1.0,1.0,3,3,7736.19,8707.64,10567.99,1540.87,0.4206,0.6667,2,"binary-search,hard"
CODEGEN-H005,codex_cli,hard,codegen-core,1.0,1.0,3,3,6469.71,6515.88,7047.68,468.93,0.4206,0.6667,2,"binary-search,hard"
CODEGEN-H005,gemini_cli,hard,codegen-core,1.0,1.0,3,3,55356.34,50186.38,57742.71,9249.89,0.0,0.3333,3,"binary-search,hard"
CODEGEN-M001,claude_code,medium,codegen-core,1.0,1.0,3,3,6805.62,6558.37,6828.65,367.9,1.0,1.0,1,"array,matrix"
CODEGEN-M001,codex_cli,medium,codegen-core,1.0,1.0,3,3,4688.64,5025.95,5767.35,613.75,0.4206,0.6667,2,"array,matrix"
CODEGEN-M001,gemini_cli,medium,codegen-core,1.0,1.0,3,3,17186.08,17226.57,19440.05,1995.46,0.0,0.3333,3,"array,matrix"
CODEGEN-M002,claude_code,medium,codegen-core,1.0,1.0,3,3,5537.05,5565.88,5825.76,227.53,1.0,1.0,1,"dynamic-programming,array"
CODEGEN-M002,codex_cli,medium,codegen-core,1.0,1.0,3,3,4171.25,3772.72,4580.99,904.82,0.0,0.3333,3,"dynamic-programming,array"
CODEGEN-M002,gemini_cli,medium,codegen-core,1.0,1.0,3,3,11929.3,13115.66,15862.21,2275.31,0.4206,0.6667,2,"dynamic-programming,array"
CODEGEN-M003,claude_code,medium,codegen-core,1.0,1.0,3,3,7103.79,6890.44,8309.61,1363.61,1.0,1.0,1,"matrix,in-place"
CODEGEN-M003,codex_cli,medium,codegen-core,1.0,1.0,3,3,3945.69,4138.81,4983.67,718.25,0.4206,0.6667,2,"matrix,in-place"
CODEGEN-M003,gemini_cli,medium,codegen-core,1.0,1.0,3,3,11879.81,12265.56,13803.92,1302.03,0.4206,0.6667,2,"matrix,in-place"
EASY-001,claude_code,easy,codegen-core,1.0,1.0,3,3,4550.58,4534.39,4638.73,100.46,1.0,1.0,1,"basic,list"
EASY-001,codex_cli,easy,codegen-core,1.0,1.0,3,3,1992.96,2109.56,2364.56,211.08,0.4206,0.6667,2,"basic,list"
EASY-001,gemini_cli,easy,codegen-core,1.0,1.0,3,3,9527.89,9587.27,9966.14,327.57,0.4206,0.6667,2,"basic,list"
EASY-002,claude_code,easy,codegen-core,1.0,1.0,3,3,4916.94,5113.8,5504.6,323.51,1.0,1.0,1,"basic,list"
EASY-002,codex_cli,easy,codegen-core,1.0,1.0,3,3,2682.19,2721.04,2960.54,206.77,0.4206,0.6667,2,"basic,list"
EASY-002,gemini_cli,easy,codegen-core,1.0,1.0,3,3,10459.4,10580.5,11537.66,834.3,0.4206,0.6667,2,"basic,list"
EASY-003,claude_code,easy,codegen-core,1.0,1.0,3,3,5875.58,7041.91,9503.48,2037.24,1.0,1.0,1,"basic,counting"
EASY-003,codex_cli,easy,codegen-core,1.0,1.0,3,3,2429.94,2588.13,3025.37,364.05,0.4206,0.6667,2,"basic,counting"
EASY-003,gemini_cli,easy,codegen-core,1.0,1.0,3,3,11036.94,11086.2,11801.73,634.45,0.4206,0.6667,2,"basic,counting"
EASY-004,claude_code,easy,codegen-core,1.0,1.0,3,3,4637.12,4677.81,4767.95,74.62,0.4206,0.6667,2,"string,validation"
EASY-004,codex_cli,easy,codegen-core,1.0,1.0,3,3,3825.46,3909.3,5128.88,1081.42,1.0,1.0,1,"string,validation"
EASY-004,gemini_cli,easy,codegen-core,1.0,1.0,3,3,11592.13,11914.52,12889.97,815.11,0.4206,0.6667,2,"string,validation"
EASY-005,claude_code,easy,codegen-core,1.0,1.0,3,3,5145.46,5107.12,5295.8,185.35,1.0,1.0,1,"list,dedup"
EASY-005,codex_cli,easy,codegen-core,1.0,1.0,3,3,2638.67,2652.86,2684.86,26.5,1.0,1.0,1,"list,dedup"
EASY-005,gemini_cli,easy,codegen-core,1.0,1.0,3,3,12730.26,12540.82,13126.7,606.64,0.4206,0.6667,2,"list,dedup"
EASY-006,claude_code,easy,codegen-core,1.0,1.0,3,3,4812.37,4869.36,5072.07,170.63,1.0,1.0,1,string
EASY-006,codex_cli,easy,codegen-core,0.0,0.0,0,3,3868.23,3483.3,3979.6,633.89,1.0,1.0,1,string
EASY-006,gemini_cli,easy,codegen-core,1.0,1.0,3,3,10584.11,10250.45,10611.95,493.9,1.0,1.0,1,string
EASY-007,claude_code,easy,codegen-core,1.0,1.0,3,3,5782.74,6516.18,8151.45,1353.93,1.0,1.0,1,"math,recursion"
EASY-007,codex_cli,easy,codegen-core,1.0,1.0,3,3,2900.35,2840.5,3258.59,400.54,1.0,1.0,1,"math,recursion"
EASY-007,gemini_cli,easy,codegen-core,1.0,1.0,3,3,10946.6,10959.45,11517.9,502.64,0.0,0.3333,3,"math,recursion"
EASY-008,claude_code,easy,codegen-core,1.0,1.0,3,3,5142.0,5221.69,5686.7,400.55,1.0,1.0,1,"list,set"
EASY-008,codex_cli,easy,codegen-core,1.0,1.0,3,3,3163.03,3181.25,3438.81,228.24,0.4206,0.6667,2,"list,set"
EASY-008,gemini_cli,easy,codegen-core,1.0,1.0,3,3,12629.93,12722.81,13364.54,556.59,1.0,1.0,1,"list,set"
EASY-009,claude_code,easy,codegen-core,1.0,1.0,3,3,5407.63,5221.24,5451.94,299.08,1.0,1.0,1,string
EASY-009,codex_cli,easy,codegen-core,1.0,1.0,3,3,2940.08,3017.28,3628.22,532.55,1.0,1.0,1,string
EASY-009,gemini_cli,easy,codegen-core,1.0,1.0,3,3,10107.29,12016.58,15279.13,2713.32,1.0,1.0,1,string
EASY-010,claude_code,easy,codegen-core,1.0,1.0,3,3,5898.57,6826.97,8817.06,1647.13,1.0,1.0,1,math
EASY-010,codex_cli,easy,codegen-core,1.0,1.0,3,3,3831.44,3721.94,4098.24,384.04,0.4206,0.6667,2,math
EASY-010,gemini_cli,easy,codegen-core,1.0,1.0,3,3,11774.36,13495.49,16799.74,2736.67,0.0,0.3333,3,math
EASY-011,claude_code,easy,codegen-core,1.0,1.0,3,3,5985.2,6236.27,6748.28,423.77,1.0,1.0,1,"list,sorting"
EASY-011,codex_cli,easy,codegen-core,1.0,1.0,3,3,2741.92,4137.21,6684.83,2112.72,0.4206,0.6667,2,"list,sorting"
EASY-011,gemini_cli,easy,codegen-core,1.0,1.0,3,3,13172.92,14739.06,19075.09,3610.46,0.0,0.3333,3,"list,sorting"
EASY-012,claude_code,easy,codegen-core,1.0,1.0,3,3,6470.05,6494.21,7587.19,984.05,1.0,1.0,1,string
EASY-012,codex_cli,easy,codegen-core,1.0,1.0,3,3,2501.69,3036.34,3951.93,761.37,0.4206,0.6667,2,string
EASY-012,gemini_cli,easy,codegen-core,1.0,1.0,3,3,11403.15,11452.82,11661.42,176.99,0.4206,0.6667,2,string
EASY-013,claude_code,easy,codegen-core,1.0,1.0,3,3,5418.36,5623.13,5984.36,299.96,0.4206,0.6667,2,"math,recursion"
EASY-013,codex_cli,easy,codegen-core,1.0,1.0,3,3,4137.09,4724.14,6147.66,1180.43,0.0,0.3333,3,"math,recursion"
EASY-013,gemini_cli,easy,codegen-core,1.0,1.0,3,3,10499.31,11992.35,14668.9,2221.09,0.0,0.3333,3,"math,recursion"
EASY-014,claude_code,easy,codegen-core,1.0,1.0,3,3,5143.03,5164.83,5412.53,218.34,1.0,1.0,1,list
EASY-014,codex_cli,easy,codegen-core,0,0,0,0,1539.82,1525.22,1589.4,63.7,0,0,0,list
EASY-014,gemini_cli,easy,codegen-core,1.0,1.0,3,3,10102.35,10411.89,11119.19,585.82,0.0,0.3333,3,list
EASY-015,claude_code,easy,codegen-core,1.0,1.0,3,3,5263.04,5118.38,5263.37,204.83,1.0,1.0,1,"set,list"
EASY-015,codex_cli,easy,codegen-core,0,0,0,0,1583.82,1623.89,1857.8,201.48,0,0,0,"set,list"
EASY-015,gemini_cli,easy,codegen-core,1.0,1.0,3,3,9788.58,11127.5,13630.26,2074.1,0.0,0.3333,3,"set,list"
EASY-016,claude_code,easy,codegen-core,1.0,1.0,3,3,4918.2,4897.52,5063.03,157.41,1.0,1.0,1,math
EASY-016,codex_cli,easy,codegen-core,0,0,0,0,1544.32,1745.21,2180.08,359.95,0,0,0,math
EASY-016,gemini_cli,easy,codegen-core,1.0,1.0,3,3,8933.2,10762.58,14254.22,2892.21,1.0,1.0,1,math
EASY-017,claude_code,easy,codegen-core,1.0,1.0,3,3,4778.86,4800.37,4872.36,60.43,0.4206,0.6667,2,"math,recursion"
EASY-017,codex_cli,easy,codegen-core,0,0,0,0,2158.11,1966.36,2193.15,299.14,0,0,0,"math,recursion"
EASY-017,gemini_cli,easy,codegen-core,1.0,1.0,3,3,10768.45,11890.31,14736.77,2363.26,0.0,0.3333,3,"math,recursion"
HARD-001,claude_code,hard,codegen-core,1.0,1.0,3,3,5998.08,6039.89,6230.26,162.15,0.4206,0.6667,2,"sliding-window,hash-table"
HARD-001,codex_cli,hard,codegen-core,1.0,1.0,3,3,3947.54,3790.75,4265.21,492.86,0.4206,0.6667,2,"sliding-window,hash-table"
HARD-001,gemini_cli,hard,codegen-core,1.0,1.0,3,3,11433.86,15305.12,22534.44,5991.26,0.0,0.3333,3,"sliding-window,hash-table"
HARD-002,claude_code,hard,codegen-core,1.0,1.0,3,3,6305.86,6284.85,6330.18,50.05,1.0,1.0,1,"tree,serialization"
HARD-002,codex_cli,hard,codegen-core,1.0,1.0,3,3,5112.25,5110.65,7099.76,1805.06,0.0,0.3333,3,"tree,serialization"
HARD-002,gemini_cli,hard,codegen-core,1.0,1.0,3,3,13916.22,13076.79,14252.56,1459.39,0.0,0.3333,3,"tree,serialization"
HARD-003,claude_code,hard,codegen-core,1.0,1.0,3,3,7625.98,7396.08,7750.98,427.12,0.4206,0.6667,2,"sliding-window,hash-table"
HARD-003,codex_cli,hard,codegen-core,1.0,1.0,3,3,5523.25,5498.83,5556.84,62.8,0.0,0.3333,3,"sliding-window,hash-table"
HARD-003,gemini_cli,hard,codegen-core,0.33333333333333326,1.0,1,3,40819.75,38889.96,48096.0,9067.92,0.0,0.3333,3,"sliding-window,hash-table"
HARD-004,claude_code,hard,codegen-core,1.0,1.0,3,3,6889.57,6902.71,7141.18,212.38,0.4206,0.6667,2,"dynamic-programming,recursion"
HARD-004,codex_cli,hard,codegen-core,1.0,1.0,3,3,6128.87,6893.57,8627.5,1435.94,1.0,1.0,1,"dynamic-programming,recursion"
HARD-004,gemini_cli,hard,codegen-core,1.0,1.0,3,3,24183.88,21514.55,27898.68,6902.47,0.0,0.3333,3,"dynamic-programming,recursion"
HARD-005,claude_code,hard,codegen-core,1.0,1.0,3,3,6286.05,6234.19,6596.04,346.69,0.4206,0.6667,2,"two-pointer,dynamic-programming"
HARD-005,codex_cli,hard,codegen-core,1.0,1.0,3,3,4813.86,4467.3,4893.18,553.59,1.0,1.0,1,"two-pointer,dynamic-programming"
HARD-005,gemini_cli,hard,codegen-core,1.0,1.0,3,3,13173.87,13121.16,14079.28,886.74,0.0,0.3333,3,"two-pointer,dynamic-programming"
HARD-006,claude_code,hard,codegen-core,1.0,1.0,3,3,6028.27,6062.98,6170.08,89.57,0.4206,0.6667,2,"dynamic-programming,string"
HARD-006,codex_cli,hard,codegen-core,1.0,1.0,3,3,4738.22,4965.67,5504.7,446.75,0.0,0.3333,3,"dynamic-programming,string"
HARD-006,gemini_cli,hard,codegen-core,0.0,0.0,0,3,49416.58,52550.54,60864.08,6911.95,0.0,0.3333,3,"dynamic-programming,string"
HARD-007,claude_code,hard,codegen-core,1.0,1.0,3,3,6791.31,6726.34,6903.62,187.18,1.0,1.0,1,dynamic-programming
HARD-007,codex_cli,hard,codegen-core,1.0,1.0,3,3,4690.65,4834.06,5165.04,274.18,0.4206,0.6667,2,dynamic-programming
HARD-007,gemini_cli,hard,codegen-core,1.0,1.0,3,3,28014.73,30545.17,39021.51,7115.07,0.0,0.3333,3,dynamic-programming
HARD-008,claude_code,hard,codegen-core,1.0,1.0,3,3,5669.62,5701.67,5845.84,122.72,1.0,1.0,1,"dynamic-programming,string"
HARD-008,codex_cli,hard,codegen-core,1.0,1.0,3,3,3817.38,3748.35,4334.58,555.91,0.0,0.3333,3,"dynamic-programming,string"
HARD-008,gemini_cli,hard,codegen-core,1.0,1.0,3,3,13381.02,12861.9,14054.19,1299.42,0.0,0.3333,3,"dynamic-programming,string"
HARD-009,claude_code,hard,codegen-core,0.33333333333333326,1.0,1,3,9411.26,9438.27,9887.57,399.49,0.0,0.3333,3,"hash-table,string,trie"
HARD-009,codex_cli,hard,codegen-core,0.0,0.0,0,3,1517.78,2345.89,3826.93,1229.13,1.0,1.0,1,"hash-table,string,trie"
HARD-009,gemini_cli,hard,codegen-core,0.6666666666666666,1.0,2,3,26027.24,30122.69,48168.77,15347.02,0.0,0.3333,3,"hash-table,string,trie"
HARD-010,claude_code,hard,codegen-core,1.0,1.0,3,3,6113.11,6071.32,6120.09,64.66,1.0,1.0,1,"dynamic-programming,string"
HARD-010,codex_cli,hard,codegen-core,1.0,1.0,3,3,5605.11,5585.71,5961.21,347.1,0.0,0.3333,3,"dynamic-programming,string"
HARD-010,gemini_cli,hard,codegen-core,1.0,1.0,3,3,10332.18,10363.44,10445.47,68.17,0.0,0.3333,3,"dynamic-programming,string"
HARD-011,claude_code,hard,codegen-core,1.0,1.0,3,3,5424.72,5385.1,5680.14,281.64,1.0,1.0,1,sliding-window
HARD-011,codex_cli,hard,codegen-core,1.0,1.0,3,3,3567.64,3617.38,3838.38,188.02,0.4206,0.6667,2,sliding-window
HARD-011,gemini_cli,hard,codegen-core,1.0,1.0,3,3,11074.39,11097.58,11292.63,170.38,0.0,0.3333,3,sliding-window
HARD-012,claude_code,hard,codegen-core,0.6666666666666666,1.0,2,3,6424.77,6541.65,6831.19,240.22,0.4206,0.6667,2,"dfs,bfs,matrix"
HARD-012,codex_cli,hard,codegen-core,0.33333333333333326,1.0,1,3,5468.55,5093.12,5571.76,613.81,0.0,0.3333,3,"dfs,bfs,matrix"
HARD-012,gemini_cli,hard,codegen-core,1.0,1.0,3,3,12701.64,12692.91,13800.81,1007.9,0.4206,0.6667,2,"dfs,bfs,matrix"
HARD-013,claude_code,hard,codegen-core,1.0,1.0,3,3,6749.12,6744.98,6849.81,96.47,0.0,0.3333,3,"math,bit-manipulation"
HARD-013,codex_cli,hard,codegen-core,1.0,1.0,3,3,6007.76,6140.6,7157.89,885.73,0.0,0.3333,3,"math,bit-manipulation"
HARD-013,gemini_cli,hard,codegen-core,1.0,1.0,3,3,35790.91,40099.44,49439.18,7730.74,0.0,0.3333,3,"math,bit-manipulation"
HARD-014,claude_code,hard,codegen-core,1.0,1.0,3,3,6029.58,6052.54,6333.1,247.77,1.0,1.0,1,"stack,monotonic-stack"
HARD-014,codex_cli,hard,codegen-core,1.0,1.0,3,3,4048.94,4392.8,5335.71,784.86,0.0,0.3333,3,"stack,monotonic-stack"
HARD-014,gemini_cli,hard,codegen-core,1.0,1.0,3,3,13152.53,15150.61,20175.88,4171.14,0.0,0.3333,3,"stack,monotonic-stack"
HARD-015,claude_code,hard,codegen-core,1.0,1.0,3,3,5595.11,5703.27,6042.81,284.18,1.0,1.0,1,"sorting,heap,intervals"
HARD-015,codex_cli,hard,codegen-core,1.0,1.0,3,3,4510.67,4704.99,5572.75,738.44,0.0,0.3333,3,"sorting,heap,intervals"
HARD-015,gemini_cli,hard,codegen-core,0.6666666666666666,1.0,2,3,12011.08,19478.4,33082.13,11282.33,0.0,0.3333,3,"sorting,heap,intervals"
HARD-016,claude_code,hard,codegen-core,1.0,1.0,3,3,7325.57,7317.73,7658.76,311.93,0.0,0.3333,3,"stack,parsing"
HARD-016,codex_cli,hard,codegen-core,0,0,0,0,1566.75,1686.21,1911.35,186.54,0,0,0,"stack,parsing"
HARD-016,gemini_cli,hard,codegen-core,1.0,1.0,2,2,84274.94,83554.54,116454.28,30080.31,0.0,0.5,2,"stack,parsing"
HARD-017,claude_code,hard,codegen-core,1.0,1.0,3,3,5882.47,6070.25,6454.26,317.83,1.0,1.0,1,"stack,dynamic-programming"
HARD-017,codex_cli,hard,codegen-core,0,0,0,0,1948.54,1947.63,2433.29,440.89,0,0,0,"stack,dynamic-programming"
HARD-017,gemini_cli,hard,codegen-core,1.0,1.0,3,3,10877.92,14359.35,20703.37,5261.4,0.0,0.3333,3,"stack,dynamic-programming"
HARD-018,claude_code,hard,codegen-core,1.0,1.0,3,3,7369.01,7307.04,8122.0,760.3,1.0,1.0,1,"matrix,binary-search"
HARD-018,codex_cli,hard,codegen-core,0,0,0,0,1539.31,1642.45,1896.54,210.79,0,0,0,"matrix,binary-search"
HARD-018,gemini_cli,hard,codegen-core,1.0,1.0,3,3,13506.03,13599.54,14375.14,677.19,0.0,0.3333,3,"matrix,binary-search"
HARD-019,claude_code,hard,codegen-core,1.0,1.0,3,3,7679.55,7701.55,8052.6,311.87,1.0,1.0,1,"merge-sort,divide-conquer"
HARD-019,codex_cli,hard,codegen-core,0,0,0,0,1638.25,1718.98,1923.3,169.63,0,0,0,"merge-sort,divide-conquer"
HARD-019,gemini_cli,hard,codegen-core,1.0,1.0,3,3,17352.41,17110.01,20977.25,3589.49,0.0,0.3333,3,"merge-sort,divide-conquer"
HARD-020,claude_code,hard,codegen-core,1.0,1.0,3,3,7323.95,7362.27,7430.97,57.01,0.4206,0.6667,2,"bfs,matrix"
HARD-020,codex_cli,hard,codegen-core,0,0,0,0,1544.99,1513.09,1585.69,79.27,0,0,0,"bfs,matrix"
HARD-020,gemini_cli,hard,codegen-core,0.0,0.0,0,3,11891.51,11787.27,12853.13,1002.79,0.0,0.3333,3,"bfs,matrix"
HARD-021,claude_code,hard,codegen-core,1.0,1.0,3,3,6612.3,6566.99,6911.88,328.84,0.4206,0.6667,2,"heap,binary-search"
HARD-021,codex_cli,hard,codegen-core,0,0,0,0,1542.63,1644.63,1820.81,146.44,0,0,0,"heap,binary-search"
HARD-021,gemini_cli,hard,codegen-core,1.0,1.0,3,3,15916.61,22436.11,34910.39,10332.23,0.0,0.3333,3,"heap,binary-search"
HARD-022,claude_code,hard,codegen-core,1.0,1.0,3,3,6226.13,6163.52,6308.57,157.81,1.0,1.0,1,dynamic-programming
HARD-022,codex_cli,hard,codegen-core,0,0,0,0,1544.89,1928.73,2674.03,617.16,0,0,0,dynamic-programming
HARD-022,gemini_cli,hard,codegen-core,1.0,1.0,3,3,25569.61,25354.61,27554.27,2069.44,0.0,0.3333,3,dynamic-programming
HARD-023,claude_code,hard,codegen-core,1.0,1.0,3,3,5602.46,5646.92,5946.22,259.33,0.4206,0.6667,2,dynamic-programming
HARD-023,codex_cli,hard,codegen-core,0,0,0,0,1529.21,1573.59,1728.14,129.96,0,0,0,dynamic-programming
HARD-023,gemini_cli,hard,codegen-core,1.0,1.0,3,3,21688.5,20281.49,26580.53,6241.18,0.0,0.3333,3,dynamic-programming
HARD-024,claude_code,hard,codegen-core,1.0,1.0,3,3,5599.57,5581.83,5617.11,39.68,1.0,1.0,1,dynamic-programming
HARD-024,codex_cli,hard,codegen-core,0,0,0,0,1642.5,1634.14,1707.89,69.81,0,0,0,dynamic-programming
HARD-024,gemini_cli,hard,codegen-core,1.0,1.0,3,3,32842.76,33973.17,42086.89,7047.46,0.0,0.3333,3,dynamic-programming
HARD-025,claude_code,hard,codegen-core,1.0,1.0,3,3,6479.28,6498.05,6637.47,121.26,1.0,1.0,1,"dynamic-programming,greedy"
HARD-025,codex_cli,hard,codegen-core,0,0,0,0,1438.07,1700.86,2150.97,374.29,0,0,0,"dynamic-programming,greedy"
HARD-025,gemini_cli,hard,codegen-core,1.0,1.0,3,3,66929.88,65549.37,68455.7,3226.25,0.0,0.3333,3,"dynamic-programming,greedy"
HARD-026,claude_code,hard,codegen-core,1.0,1.0,3,3,6303.27,6297.59,6429.73,121.75,1.0,1.0,1,hash-set
HARD-026,codex_cli,hard,codegen-core,0,0,0,0,1543.65,1519.91,1582.02,66.05,0,0,0,hash-set
HARD-026,gemini_cli,hard,codegen-core,1.0,1.0,3,3,12927.58,13342.57,16430.01,2685.3,0.0,0.3333,3,hash-set
HARD-027,claude_code,hard,codegen-core,1.0,1.0,3,3,5727.67,5753.05,5802.47,40.92,0.4206,0.6667,2,"backtracking,recursion"
HARD-027,codex_cli,hard,codegen-core,0,0,0,0,1541.71,1557.26,1622.72,55.55,0,0,0,"backtracking,recursion"
HARD-027,gemini_cli,hard,codegen-core,1.0,1.0,3,3,11993.21,12350.15,13325.15,811.45,0.0,0.3333,3,"backtracking,recursion"
HARD-028,claude_code,hard,codegen-core,1.0,1.0,3,3,5927.65,5886.67,6094.46,203.59,0.4206,0.6667,2,dynamic-programming
HARD-028,codex_cli,hard,codegen-core,0,0,0,0,1542.43,1868.27,2513.95,534.52,0,0,0,dynamic-programming
HARD-028,gemini_cli,hard,codegen-core,0.6666666666666666,1.0,2,3,17679.93,17065.16,21547.52,4283.8,0.0,0.3333,3,dynamic-programming
HARD-029,claude_code,hard,codegen-core,1.0,1.0,3,3,6412.53,6805.0,7515.63,589.49,1.0,1.0,1,"dynamic-programming,matrix"
HARD-029,codex_cli,hard,codegen-core,0,0,0,0,1542.89,1502.44,1617.95,121.06,0,0,0,"dynamic-programming,matrix"
HARD-029,gemini_cli,hard,codegen-core,1.0,1.0,3,3,12234.38,14247.92,18770.66,3744.97,0.0,0.3333,3,"dynamic-programming,matrix"
HARD-030,claude_code,hard,codegen-core,1.0,1.0,3,3,5290.09,5333.83,5458.01,103.49,1.0,1.0,1,"greedy,dynamic-programming"
HARD-030,codex_cli,hard,codegen-core,0,0,0,0,1593.88,1593.76,1732.49,125.9,0,0,0,"greedy,dynamic-programming"
HARD-030,gemini_cli,hard,codegen-core,1.0,1.0,3,3,17021.31,17146.17,23102.24,5364.54,0.0,0.3333,3,"greedy,dynamic-programming"
HARD-031,claude_code,hard,codegen-core,1.0,1.0,3,3,5717.39,5814.69,6018.08,168.33,1.0,1.0,1,dynamic-programming
HARD-031,codex_cli,hard,codegen-core,0,0,0,0,1546.08,1602.08,1699.36,80.83,0,0,0,dynamic-programming
HARD-031,gemini_cli,hard,codegen-core,1.0,1.0,3,3,12226.4,12296.12,12713.87,360.25,0.4206,0.6667,2,dynamic-programming
HARD-032,claude_code,hard,codegen-core,1.0,1.0,3,3,7145.46,7097.53,7146.78,68.83,1.0,1.0,1,"dynamic-programming,palindrome"
HARD-032,codex_cli,hard,codegen-core,0,0,0,0,1508.01,1545.68,1697.78,128.82,0,0,0,"dynamic-programming,palindrome"
HARD-032,gemini_cli,hard,codegen-core,1.0,1.0,3,3,24492.99,21392.63,25440.58,5147.05,0.0,0.3333,3,"dynamic-programming,palindrome"
HARD-033,claude_code,hard,codegen-core,1.0,1.0,3,3,5527.78,5770.21,6259.53,405.01,1.0,1.0,1,dynamic-programming
HARD-033,codex_cli,hard,codegen-core,0,0,0,0,1644.65,1678.57,1921.96,211.4,0,0,0,dynamic-programming
HARD-033,gemini_cli,hard,codegen-core,1.0,1.0,3,3,11353.16,11927.24,15010.36,2646.1,0.0,0.3333,3,dynamic-programming
HARD-034,claude_code,hard,codegen-core,1.0,1.0,3,3,5219.96,5343.58,5688.93,287.66,1.0,1.0,1,dynamic-programming
HARD-034,codex_cli,hard,codegen-core,0,0,0,0,1394.29,1694.62,2214.35,431.95,0,0,0,dynamic-programming
HARD-034,gemini_cli,hard,codegen-core,1.0,1.0,3,3,12579.26,17247.73,25839.26,7123.13,0.0,0.3333,3,dynamic-programming
HARD-035,claude_code,hard,codegen-core,1.0,1.0,3,3,5275.63,5339.86,5498.95,131.99,1.0,1.0,1,"dynamic-programming,combinatorics"
HARD-035,codex_cli,hard,codegen-core,0,0,0,0,1454.76,1508.69,1614.16,87.33,0,0,0,"dynamic-programming,combinatorics"
HARD-035,gemini_cli,hard,codegen-core,1.0,1.0,3,3,13856.43,15457.4,19197.03,3098.51,0.0,0.3333,3,"dynamic-programming,combinatorics"
HARD-036,claude_code,hard,codegen-core,1.0,1.0,3,3,5471.25,5455.68,5493.86,41.08,1.0,1.0,1,"dynamic-programming,string"
HARD-036,codex_cli,hard,codegen-core,0,0,0,0,1504.36,1529.97,1698.79,146.15,0,0,0,"dynamic-programming,string"
HARD-036,gemini_cli,hard,codegen-core,1.0,1.0,3,3,11619.95,12210.77,14939.26,2325.56,0.0,0.3333,3,"dynamic-programming,string"
HARD-037,claude_code,hard,codegen-core,1.0,1.0,3,3,5605.23,5638.39,5811.14,148.07,1.0,1.0,1,"sliding-window,prefix-sum"
HARD-037,codex_cli,hard,codegen-core,0,0,0,0,1491.05,1593.71,1783.77,157.55,0,0,0,"sliding-window,prefix-sum"
HARD-037,gemini_cli,hard,codegen-core,1.0,1.0,3,3,11221.89,11193.32,11366.92,167.79,0.0,0.3333,3,"sliding-window,prefix-sum"
HARD-038,claude_code,hard,codegen-core,1.0,1.0,3,3,5783.15,5840.79,5955.9,95.29,1.0,1.0,1,"greedy,dynamic-programming"
HARD-038,codex_cli,hard,codegen-core,0,0,0,0,1685.99,1625.71,1745.67,134.88,0,0,0,"greedy,dynamic-programming"
HARD-038,gemini_cli,hard,codegen-core,1.0,1.0,3,3,20627.1,24323.8,36713.8,10400.49,0.0,0.3333,3,"greedy,dynamic-programming"
MED-001,claude_code,medium,codegen-core,1.0,1.0,3,3,4835.96,5067.56,5554.69,403.15,1.0,1.0,1,"sorting,heap"
MED-001,codex_cli,medium,codegen-core,1.0,1.0,3,3,4091.74,4871.37,6220.68,1121.43,0.0,0.3333,3,"sorting,heap"
MED-001,gemini_cli,medium,codegen-core,1.0,1.0,3,3,13859.39,13157.47,14335.54,1383.73,0.0,0.3333,3,"sorting,heap"
MED-002,claude_code,medium,codegen-core,1.0,1.0,3,3,5246.42,5272.24,5419.06,126.33,1.0,1.0,1,string
MED-002,codex_cli,medium,codegen-core,1.0,1.0,3,3,3038.34,3058.71,3152.53,79.95,1.0,1.0,1,string
MED-002,gemini_cli,medium,codegen-core,1.0,1.0,3,3,10821.62,10845.92,11608.85,684.65,0.4206,0.6667,2,string
MED-003,claude_code,medium,codegen-core,1.0,1.0,3,3,6320.71,6280.18,6497.44,211.92,1.0,1.0,1,"intervals,sorting"
MED-003,codex_cli,medium,codegen-core,1.0,1.0,3,3,4039.09,4572.85,5929.9,1126.75,0.4206,0.6667,2,"intervals,sorting"
MED-003,gemini_cli,medium,codegen-core,1.0,1.0,3,3,12843.07,12986.81,14778.39,1582.98,0.0,0.3333,3,"intervals,sorting"
MED-004,claude_code,medium,codegen-core,1.0,1.0,3,3,5451.07,5447.18,5579.99,121.76,0.4206,0.6667,2,"hash-table,two-pointer"
MED-004,codex_cli,medium,codegen-core,1.0,1.0,3,3,4404.72,4663.64,5871.62,1030.09,0.0,0.3333,3,"hash-table,two-pointer"
MED-004,gemini_cli,medium,codegen-core,0.6666666666666666,1.0,2,3,19875.19,20736.48,30462.65,8571.94,0.0,0.3333,3,"hash-table,two-pointer"
MED-005,claude_code,medium,codegen-core,1.0,1.0,3,3,6835.07,6946.71,7262.93,263.53,1.0,1.0,1,"string,encoding"
MED-005,codex_cli,medium,codegen-core,1.0,1.0,3,3,4101.94,4289.81,4652.73,300.55,0.4206,0.6667,2,"string,encoding"
MED-005,gemini_cli,medium,codegen-core,1.0,1.0,3,3,12700.18,13382.71,16422.36,2586.33,0.0,0.3333,3,"string,encoding"
MED-006,claude_code,medium,codegen-core,1.0,1.0,3,3,5320.27,5500.99,6064.27,471.29,0.4206,0.6667,2,"string,hash-table"
MED-006,codex_cli,medium,codegen-core,1.0,1.0,3,3,3048.97,3094.64,3180.29,70.97,0.4206,0.6667,2,"string,hash-table"
MED-006,gemini_cli,medium,codegen-core,1.0,1.0,3,3,10635.55,10601.47,10658.81,67.31,0.4206,0.6667,2,"string,hash-table"
MED-007,claude_code,medium,codegen-core,1.0,1.0,3,3,4851.84,4878.47,4993.37,97.62,1.0,1.0,1,"string,sorting"
MED-007,codex_cli,medium,codegen-core,1.0,1.0,3,3,2714.05,3108.36,4048.49,779.29,0.0,0.3333,3,"string,sorting"
MED-007,gemini_cli,medium,codegen-core,1.0,1.0,3,3,11266.11,11287.19,11548.3,230.67,0.0,0.3333,3,"string,sorting"
MED-008,claude_code,medium,codegen-core,1.0,1.0,3,3,4983.38,4993.11,5081.41,77.32,1.0,1.0,1,"math,bit-manipulation"
MED-008,codex_cli,medium,codegen-core,1.0,1.0,3,3,4253.71,4220.3,4525.73,288.67,1.0,1.0,1,"math,bit-manipulation"
MED-008,gemini_cli,medium,codegen-core,1.0,1.0,3,3,11711.65,11958.4,12966.95,854.62,0.4206,0.6667,2,"math,bit-manipulation"
MED-009,claude_code,medium,codegen-core,1.0,1.0,3,3,5593.84,5540.94,5832.24,283.56,0.4206,0.6667,2,binary-search
MED-009,codex_cli,medium,codegen-core,1.0,1.0,3,3,4044.11,3918.05,4471.3,549.23,1.0,1.0,1,binary-search
MED-009,gemini_cli,medium,codegen-core,0.6666666666666666,1.0,2,3,11085.3,12726.26,15908.46,2635.12,0.0,0.3333,3,binary-search
MED-010,claude_code,medium,codegen-core,1.0,1.0,3,3,5789.59,5755.25,5933.32,174.15,0.4206,0.6667,2,"backtracking,recursion"
MED-010,codex_cli,medium,codegen-core,1.0,1.0,3,3,3376.71,3347.56,3415.62,73.93,0.4206,0.6667,2,"backtracking,recursion"
MED-010,gemini_cli,medium,codegen-core,1.0,1.0,3,3,33941.2,31650.81,34093.31,3359.32,0.0,0.3333,3,"backtracking,recursion"
MED-011,claude_code,medium,codegen-core,1.0,1.0,3,3,6485.64,6544.77,6715.32,142.23,1.0,1.0,1,"matrix,hash-table"
MED-011,codex_cli,medium,codegen-core,1.0,1.0,3,3,4539.81,4499.75,4620.06,125.12,0.0,0.3333,3,"matrix,hash-table"
MED-011,gemini_cli,medium,codegen-core,1.0,1.0,3,3,13452.06,13837.57,14913.05,895.77,0.0,0.3333,3,"matrix,hash-table"
MED-012,claude_code,medium,codegen-core,1.0,1.0,3,3,7276.09,7307.65,7401.78,78.61,1.0,1.0,1,"string,math"
MED-012,codex_cli,medium,codegen-core,1.0,1.0,3,3,3495.96,3771.27,4399.81,520.57,0.0,0.3333,3,"string,math"
MED-012,gemini_cli,medium,codegen-core,1.0,1.0,3,3,10463.95,11538.8,13721.6,1806.63,0.0,0.3333,3,"string,math"
MED-013,claude_code,medium,codegen-core,1.0,1.0,3,3,5259.81,5303.1,5474.45,144.97,1.0,1.0,1,"list,rotation"
MED-013,codex_cli,medium,codegen-core,1.0,1.0,3,3,4265.81,5251.76,7281.98,1680.25,0.4206,0.6667,2,"list,rotation"
MED-013,gemini_cli,medium,codegen-core,1.0,1.0,3,3,11735.07,14256.11,19575.45,4402.37,0.0,0.3333,3,"list,rotation"
MED-014,claude_code,medium,codegen-core,1.0,1.0,3,3,5566.18,5492.74,5794.06,301.2,1.0,1.0,1,binary-search
MED-014,codex_cli,medium,codegen-core,1.0,1.0,3,3,3083.73,3770.98,5150.14,1141.58,0.0,0.3333,3,binary-search
MED-014,gemini_cli,medium,codegen-core,1.0,1.0,3,3,17990.69,18124.9,20988.72,2557.26,0.0,0.3333,3,binary-search
MED-015,claude_code,medium,codegen-core,1.0,1.0,3,3,6799.74,6850.58,7125.34,235.88,1.0,1.0,1,"pattern,list"
MED-015,codex_cli,medium,codegen-core,1.0,1.0,3,3,10044.44,9147.17,10578.42,1705.76,0.0,0.3333,3,"pattern,list"
MED-015,gemini_cli,medium,codegen-core,1.0,1.0,3,3,25418.47,23293.77,30791.42,7626.1,0.0,0.3333,3,"pattern,list"
MED-016,claude_code,medium,codegen-core,1.0,1.0,3,3,6508.76,6612.89,7371.32,659.12,1.0,1.0,1,"boyer-moore,counting"
MED-016,codex_cli,medium,codegen-core,1.0,1.0,3,3,3143.07,3482.82,4162.48,562.59,0.4206,0.6667,2,"boyer-moore,counting"
MED-016,gemini_cli,medium,codegen-core,1.0,1.0,3,3,10862.53,11111.45,11608.34,411.31,0.0,0.3333,3,"boyer-moore,counting"
MED-017,claude_code,medium,codegen-core,1.0,1.0,3,3,6522.72,6360.45,6838.43,498.54,0.0,0.3333,3,"string,parsing"
MED-017,codex_cli,medium,codegen-core,1.0,1.0,3,3,4723.82,5016.36,5717.57,581.31,0.0,0.3333,3,"string,parsing"
MED-017,gemini_cli,medium,codegen-core,1.0,1.0,3,3,34036.17,32105.22,40944.6,8739.69,0.0,0.3333,3,"string,parsing"
MED-018,claude_code,medium,codegen-core,1.0,1.0,3,3,5646.08,5694.26,5875.45,152.92,0.4206,0.6667,2,"dynamic-programming,math"
MED-018,codex_cli,medium,codegen-core,1.0,1.0,3,3,3071.82,3120.44,3239.12,98.43,1.0,1.0,1,"dynamic-programming,math"
MED-018,gemini_cli,medium,codegen-core,1.0,1.0,3,3,11515.58,11117.42,12393.82,1314.89,0.0,0.3333,3,"dynamic-programming,math"
MED-019,claude_code,medium,codegen-core,1.0,1.0,3,3,4825.46,4842.25,4919.39,65.73,1.0,1.0,1,bit-manipulation
MED-019,codex_cli,medium,codegen-core,0,0,0,0,1489.48,1597.92,1810.57,176.06,0,0,0,bit-manipulation
MED-019,gemini_cli,medium,codegen-core,1.0,1.0,3,3,11183.23,11038.85,11360.13,352.43,0.0,0.3333,3,bit-manipulation
MED-020,claude_code,medium,codegen-core,1.0,1.0,3,3,4818.63,4857.72,5181.81,282.96,1.0,1.0,1,bit-manipulation
MED-020,codex_cli,medium,codegen-core,0,0,0,0,1440.87,1463.37,1505.76,35.13,0,0,0,bit-manipulation
MED-020,gemini_cli,medium,codegen-core,1.0,1.0,3,3,10244.81,10382.21,10636.11,210.48,0.4206,0.6667,2,bit-manipulation
MED-021,claude_code,medium,codegen-core,1.0,1.0,3,3,5792.1,5849.02,5952.23,85.61,1.0,1.0,1,string
MED-021,codex_cli,medium,codegen-core,0,0,0,0,1544.12,1569.44,1634.9,54.38,0,0,0,string
MED-021,gemini_cli,medium,codegen-core,1.0,1.0,3,3,11574.61,11344.4,12032.31,715.93,0.0,0.3333,3,string
MED-022,claude_code,medium,codegen-core,1.0,1.0,3,3,6086.82,6095.97,6148.64,45.34,0.0,0.3333,3,"string,math"
MED-022,codex_cli,medium,codegen-core,0,0,0,0,1488.85,1490.92,1542.1,45.8,0,0,0,"string,math"
MED-022,gemini_cli,medium,codegen-core,1.0,1.0,3,3,27691.93,27932.46,30357.91,2130.83,0.0,0.3333,3,"string,math"
MED-023,claude_code,medium,codegen-core,1.0,1.0,3,3,5926.29,5903.54,5993.37,90.17,1.0,1.0,1,"array,prefix-sum"
MED-023,codex_cli,medium,codegen-core,0,0,0,0,1442.66,1945.49,2803.48,713.61,0,0,0,"array,prefix-sum"
MED-023,gemini_cli,medium,codegen-core,1.0,1.0,3,3,14151.8,15202.04,17245.61,1692.16,0.0,0.3333,3,"array,prefix-sum"
MED-024,claude_code,medium,codegen-core,1.0,1.0,3,3,5224.56,5340.95,5563.29,184.17,1.0,1.0,1,binary-search
MED-024,codex_cli,medium,codegen-core,0,0,0,0,1541.33,2040.12,2924.87,734.5,0,0,0,binary-search
MED-024,gemini_cli,medium,codegen-core,1.0,1.0,3,3,12175.9,13064.76,16111.57,2560.24,0.0,0.3333,3,binary-search
MED-025,claude_code,medium,codegen-core,1.0,1.0,3,3,7034.4,6727.49,7048.2,444.92,1.0,1.0,1,"recursion,dictionary"
MED-025,codex_cli,medium,codegen-core,0,0,0,0,1455.0,1463.02,1480.33,14.33,0,0,0,"recursion,dictionary"
MED-025,gemini_cli,medium,codegen-core,1.0,1.0,3,3,10624.1,10663.59,11210.92,484.81,0.0,0.3333,3,"recursion,dictionary"
MED-026,claude_code,medium,codegen-core,1.0,1.0,3,3,5392.35,5702.81,6262.26,464.16,1.0,1.0,1,string
MED-026,codex_cli,medium,codegen-core,0,0,0,0,1542.36,1554.39,1588.89,28.77,0,0,0,string
MED-026,gemini_cli,medium,codegen-core,1.0,1.0,3,3,11244.07,11804.08,13377.0,1310.42,0.4206,0.6667,2,string
MED-027,claude_code,medium,codegen-core,1.0,1.0,3,3,5357.07,5425.52,5745.5,272.88,1.0,1.0,1,"backtracking,bit-manipulation"
MED-027,codex_cli,medium,codegen-core,0,0,0,0,1543.13,1510.89,1545.06,47.13,0,0,0,"backtracking,bit-manipulation"
MED-027,gemini_cli,medium,codegen-core,0.33333333333333326,1.0,1,3,12512.18,12971.24,14532.54,1311.49,0.0,0.3333,3,"backtracking,bit-manipulation"
MED-028,claude_code,medium,codegen-core,1.0,1.0,3,3,4950.29,4976.9,5064.68,73.63,1.0,1.0,1,math
MED-028,codex_cli,medium,codegen-core,0,0,0,0,1541.54,1662.67,1982.56,265.91,0,0,0,math
MED-028,gemini_cli,medium,codegen-core,1.0,1.0,3,3,10158.05,10189.58,10402.64,184.63,1.0,1.0,1,math
MED-029,claude_code,medium,codegen-core,1.0,1.0,3,3,5465.92,5640.6,6297.48,554.41,1.0,1.0,1,"stack,monotonic-stack"
MED-029,codex_cli,medium,codegen-core,0,0,0,0,1544.17,1530.86,1545.43,19.82,0,0,0,"stack,monotonic-stack"
MED-029,gemini_cli,medium,codegen-core,1.0,1.0,3,3,13077.94,12536.23,13615.12,1212.88,0.4206,0.6667,2,"stack,monotonic-stack"
