task_id,agent,difficulty,functional_pass_at_1,functional_first_pass_success,functional_mean_reciprocal_rank,functional_success_rate,similarity_normalized_edit_distance,similarity_sequence_similarity,similarity_jaccard_similarity,similarity_code_bleu,similarity_rouge_l,similarity_token_precision,similarity_token_recall,similarity_token_f1,quality_syntactic_validity,quality_ast_node_similarity,quality_ast_structure_match,quality_cyclomatic_complexity,quality_halstead_volume,quality_halstead_difficulty,quality_halstead_effort,quality_maintainability_index,efficiency_token_count,efficiency_character_count,reliability_output_stability,reliability_unique_outputs,reliability_semantic_consistency,latency_ms
MED-026,claude_code,medium,1.0,0.0,0.0,1.0,0.4651162790697675,0.5619047619047619,0.25,0.22374677087694028,0.6000000000000001,0.2857142857142857,0.5454545454545454,0.37499999999999994,0.0,,,,0.0,0.0,0.0,,21,93,1.0,1,1.0,5392.35
HARD-021,claude_code,hard,1.0,0.0,0.0,1.0,0.2142857142857143,0.2809917355371901,0.1276595744680851,0.08460008069805322,0.3471074380165289,0.11320754716981132,0.5454545454545454,0.1875,0.0,,,,0.0,0.0,0.0,,53,284,0.6666666666666667,2,0.9896373056994818,6612.3
CODEGEN-E001,claude_code,medium,1.0,0.0,0.0,1.0,0.12735849056603776,0.1793103448275862,0.08695652173913043,0.04334474388997648,0.223448275862069,0.058823529411764705,0.5454545454545454,0.10619469026548672,0.0,,,,0.0,0.0,0.0,,102,403,0.33333333333333337,3,0.955929996291134,7117.77
HARD-037,claude_code,hard,1.0,0.0,0.0,1.0,0.2150837988826816,0.28314606741573034,0.15384615384615385,0.09172809493811464,0.34606741573033706,0.12244897959183673,0.5454545454545454,0.2,0.0,,,,0.0,0.0,0.0,,49,242,1.0,1,1.0,5605.23
EASY-011,claude_code,easy,1.0,0.0,0.0,1.0,0.1821705426356589,0.2905982905982906,0.12903225806451613,1.7895706405903577e-08,0.31339031339031337,0.10256410256410256,0.2857142857142857,0.1509433962264151,0.0,,,,0.0,0.0,0.0,,39,156,1.0,1,1.0,5985.2
CODEGEN-003,claude_code,easy,1.0,0.0,0.0,1.0,0.17014925373134326,0.22332506203473945,0.1111111111111111,0.054671800281774104,0.28287841191067,0.09523809523809523,0.4444444444444444,0.1568627450980392,0.0,,,,0.0,0.0,0.0,,42,202,1.0,1,1.0,5604.06
HARD-017,claude_code,hard,1.0,0.0,0.0,1.0,0.2011173184357542,0.27149321266968324,0.11428571428571428,0.06066858206200528,0.3257918552036199,0.10526315789473684,0.4444444444444444,0.1702127659574468,0.0,,,,0.0,0.0,0.0,,38,209,1.0,1,1.0,5882.47
HARD-001,claude_code,hard,1.0,0.0,0.0,1.0,0.2183908045977011,0.2857142857142857,0.11428571428571428,0.04866005455185134,0.3502304147465438,0.0851063829787234,0.4444444444444444,0.14285714285714285,0.0,,,,0.0,0.0,0.0,,47,246,0.6666666666666667,2,0.9395740465577017,5998.08
EASY-007,claude_code,easy,1.0,0.0,0.0,1.0,0.28037383177570097,0.4457831325301205,0.2,3.2885804568262103e-06,0.4578313253012048,0.21052631578947367,0.5714285714285714,0.3076923076923077,0.0,,,,0.0,0.0,0.0,,19,73,1.0,1,1.0,5782.74
MED-006,claude_code,medium,1.0,0.0,0.0,1.0,0.44491525423728817,0.25462962962962965,0.25,0.0005828233959891848,0.5740740740740742,0.34615384615384615,0.4090909090909091,0.37500000000000006,0.0,,,,0.0,0.0,0.0,,26,135,0.6666666666666667,2,0.9843342036553525,5320.27
CODEGEN-H003,claude_code,hard,1.0,0.0,0.0,1.0,0.17228464419475653,0.2689873417721519,0.13636363636363635,0.1001682050529108,0.2911392405063291,0.13333333333333333,0.5454545454545454,0.2142857142857143,0.0,,,,0.0,0.0,0.0,,45,364,0.6666666666666667,2,0.965178854067743,5819.65
MED-010,claude_code,medium,1.0,0.0,0.0,1.0,0.3412698412698413,0.13934426229508196,0.2619047619047619,4.4528517250744e-06,0.5491803278688525,0.40625,0.40625,0.40625,0.0,,,,0.0,0.0,0.0,,32,177,0.6666666666666667,2,0.6981981981981983,5789.59
MED-011,claude_code,medium,1.0,0.0,0.0,1.0,0.12724014336917566,0.18495297805642633,0.0851063829787234,0.0305327875457333,0.2225705329153605,0.05405405405405406,0.4444444444444444,0.0963855421686747,0.0,,,,0.0,0.0,0.0,,74,339,1.0,1,1.0,6485.64
CODEGEN-H002,claude_code,hard,1.0,0.0,0.0,1.0,0.2773109243697479,0.34177215189873417,0.15384615384615385,0.10813005349177665,0.4177215189873418,0.18181818181818182,0.4444444444444444,0.2580645161290322,0.0,,,,0.0,0.0,0.0,,22,165,1.0,1,1.0,5109.35
MED-007,claude_code,medium,1.0,0.0,0.0,1.0,0.15671641791044777,0.1392757660167131,0.0967741935483871,5.927491261397343e-09,0.2785515320334262,0.23076923076923078,0.1,0.13953488372093023,0.0,,,,0.0,0.0,0.0,,13,75,1.0,1,1.0,4851.84
EASY-006,claude_code,easy,1.0,0.0,0.0,1.0,0.4769230769230769,0.6101694915254238,0.45454545454545453,0.31559845402149095,0.6101694915254237,0.5555555555555556,0.7142857142857143,0.6250000000000001,0.0,,,,0.0,0.0,0.0,,9,53,1.0,1,1.0,4812.37
CODEGEN-M001,claude_code,medium,1.0,0.0,0.0,1.0,0.09694555112881809,0.13959085439229843,0.07272727272727272,0.023674033282324508,0.17569193742478942,0.042105263157894736,0.4444444444444444,0.07692307692307691,0.0,,,,0.0,0.0,0.0,,95,479,1.0,1,1.0,6805.62
HARD-016,claude_code,hard,1.0,0.0,0.0,1.0,0.07248018120045296,0.10304942166140904,0.07142857142857142,0.02118172769972649,0.1345951629863302,0.03773584905660377,0.4444444444444444,0.06956521739130435,0.0,,,,0.0,0.0,0.0,,106,453,0.33333333333333337,3,0.5142213254260005,7325.57
CODEGEN-002,claude_code,easy,1.0,0.0,0.0,1.0,0.37410071942446044,0.5094339622641509,0.16666666666666666,0.11986062972262734,0.5094339622641509,0.2,0.4444444444444444,0.2758620689655173,0.0,,,,0.0,0.0,0.0,,20,112,1.0,1,1.0,5109.8
EASY-010,claude_code,easy,1.0,0.0,0.0,1.0,0.23905723905723908,0.3128205128205128,0.1951219512195122,2.675004023491704e-06,0.3743589743589743,0.15873015873015872,0.5882352941176471,0.25,0.0,,,,0.0,0.0,0.0,,63,159,1.0,1,1.0,5898.57
HARD-036,claude_code,hard,1.0,0.0,0.0,1.0,0.2360248447204969,0.2975609756097561,0.13953488372093023,0.09370187158047293,0.3707317073170732,0.125,0.5454545454545454,0.20338983050847456,0.0,,,,0.0,0.0,0.0,,48,199,1.0,1,1.0,5471.25
HARD-020,claude_code,hard,1.0,0.0,0.0,1.0,0.09102902374670185,0.12470023980815348,0.05063291139240506,0.017778739827236514,0.16546762589928057,0.031746031746031744,0.4444444444444444,0.05925925925925926,0.0,,,,0.0,0.0,0.0,,126,477,0.6666666666666667,2,0.8819982773471144,7323.95
MED-027,claude_code,medium,1.0,0.0,0.0,1.0,0.339622641509434,0.40869565217391307,0.15384615384615385,0.09429254748237108,0.4869565217391304,0.16,0.4444444444444444,0.23529411764705882,0.0,,,,0.0,0.0,0.0,,25,115,1.0,1,1.0,5357.07
EASY-017,claude_code,easy,1.0,0.0,0.0,1.0,0.2421052631578947,0.40789473684210525,0.2,3.2030896854698365e-06,0.40789473684210525,0.2,0.5714285714285714,0.29629629629629634,0.0,,,,0.0,0.0,0.0,,20,60,0.6666666666666667,2,0.9197530864197532,4778.86
CODEGEN-005,claude_code,medium,1.0,0.0,0.0,1.0,0.17230769230769227,0.21882951653944022,0.10526315789473684,0.0560569930890115,0.28498727735368956,0.0975609756097561,0.4444444444444444,0.16,0.0,,,,0.0,0.0,0.0,,41,201,0.6666666666666667,2,0.9846860643185299,5194.84
HARD-011,claude_code,hard,1.0,0.0,0.0,1.0,0.24832214765100669,0.33246753246753247,0.16666666666666666,0.11620839913164811,0.3844155844155844,0.15384615384615385,0.5454545454545454,0.24000000000000002,0.0,,,,0.0,0.0,0.0,,39,216,1.0,1,1.0,5424.72
HARD-007,claude_code,hard,1.0,0.0,0.0,1.0,0.1506024096385542,0.2099827882960413,0.0967741935483871,0.05095028846133698,0.25817555938037867,0.06896551724137931,0.5454545454545454,0.12244897959183672,0.0,,,,0.0,0.0,0.0,,87,330,1.0,1,1.0,6791.31
EASY-001,claude_code,easy,1.0,0.0,0.0,1.0,0.4328358208955224,0.5217391304347826,0.25,0.0008987832660089816,0.5391304347826088,0.4444444444444444,0.36363636363636365,0.39999999999999997,0.0,,,,0.0,0.0,0.0,,9,55,1.0,1,1.0,4550.58
CODEGEN-H005,claude_code,hard,1.0,0.0,0.0,1.0,0.11940298507462688,0.1828193832599119,0.0759493670886076,0.03262943785859025,0.2114537444933921,0.044444444444444446,0.5454545454545454,0.08219178082191782,0.0,,,,0.0,0.0,0.0,,135,502,0.6666666666666667,2,0.9910020449897751,7736.19
MED-016,claude_code,medium,1.0,0.0,0.0,1.0,0.2794759825327511,0.35714285714285715,0.13793103448275862,0.06610740221530727,0.4155844155844155,0.11428571428571428,0.4444444444444444,0.1818181818181818,0.0,,,,0.0,0.0,0.0,,35,151,1.0,1,1.0,6508.76
MED-020,claude_code,medium,1.0,0.0,0.0,1.0,0.36220472440944884,0.42857142857142855,0.17391304347826086,0.10813005349177665,0.47959183673469385,0.18181818181818182,0.4444444444444444,0.2580645161290322,0.0,,,,0.0,0.0,0.0,,22,78,1.0,1,1.0,4818.63
HARD-027,claude_code,hard,1.0,0.0,0.0,1.0,0.16371681415929207,0.2631578947368421,0.1,0.046610049025533395,0.27819548872180455,0.08163265306122448,0.4444444444444444,0.13793103448275862,0.0,,,,0.0,0.0,0.0,,49,314,0.6666666666666667,2,0.9882005899705014,5727.67
HARD-031,claude_code,hard,1.0,0.0,0.0,1.0,0.20610687022900764,0.30327868852459017,0.11320754716981132,0.0645403684611652,0.33606557377049184,0.08695652173913043,0.5454545454545454,0.15000000000000002,0.0,,,,0.0,0.0,0.0,,69,245,1.0,1,1.0,5717.39
HARD-030,claude_code,hard,1.0,0.0,0.0,1.0,0.2676056338028169,0.34385964912280703,0.13333333333333333,0.08055259313161306,0.39999999999999997,0.13793103448275862,0.4444444444444444,0.21052631578947367,0.0,,,,0.0,0.0,0.0,,29,145,1.0,1,1.0,5290.09
HARD-026,claude_code,hard,1.0,0.0,0.0,1.0,0.23202614379084963,0.30927835051546393,0.125,0.054671800281774104,0.365979381443299,0.09523809523809523,0.4444444444444444,0.1568627450980392,0.0,,,,0.0,0.0,0.0,,42,189,1.0,1,1.0,6303.27
MED-021,claude_code,medium,1.0,0.0,0.0,1.0,0.4642857142857143,0.5473684210526316,0.2222222222222222,0.1933853139276051,0.5894736842105263,0.3076923076923077,0.4444444444444444,0.3636363636363637,0.0,,,,0.0,0.0,0.0,,13,96,1.0,1,1.0,5792.1
MED-017,claude_code,medium,1.0,0.0,0.0,1.0,0.1470588235294118,0.2409090909090909,0.08333333333333333,0.034320875509569485,0.25,0.06060606060606061,0.4444444444444444,0.10666666666666667,0.0,,,,0.0,0.0,0.0,,66,233,0.33333333333333337,3,0.9626417445482867,6522.72
CODEGEN-H004,claude_code,hard,1.0,0.0,0.0,1.0,0.23364485981308414,0.29411764705882354,0.13953488372093023,0.09370187158047293,0.36764705882352944,0.125,0.5454545454545454,0.20338983050847456,0.0,,,,0.0,0.0,0.0,,48,198,1.0,1,1.0,6515.05
MED-001,claude_code,medium,1.0,0.0,0.0,1.0,0.15759312320916907,0.06926406926406926,0.1,3.609408975747274e-09,0.2813852813852814,0.2857142857142857,0.1,0.14814814814814817,0.0,,,,0.0,0.0,0.0,,14,92,1.0,1,1.0,4835.96
HARD-006,claude_code,hard,1.0,0.0,0.0,1.0,0.1634146341463415,0.2135523613963039,0.08,0.032316186098224176,0.2751540041067762,0.05714285714285714,0.4444444444444444,0.10126582278481011,0.0,,,,0.0,0.0,0.0,,70,229,0.6666666666666667,2,0.9735894357743097,6028.27
HARD-010,claude_code,hard,1.0,0.0,0.0,1.0,0.16273584905660377,0.23715415019762845,0.12244897959183673,0.06551117274110993,0.27272727272727276,0.08823529411764706,0.5454545454545454,0.1518987341772152,0.0,,,,0.0,0.0,0.0,,68,237,1.0,1,1.0,6113.11
CODEGEN-004,claude_code,medium,1.0,0.0,0.0,1.0,0.2710280373831776,0.35986159169550175,0.12903225806451613,0.07508325064243634,0.41522491349480967,0.12903225806451613,0.4444444444444444,0.19999999999999998,0.0,,,,0.0,0.0,0.0,,31,148,1.0,1,1.0,5153.63
EASY-016,claude_code,easy,1.0,0.0,0.0,1.0,0.8117647058823529,0.8961038961038961,0.625,0.5202556881824251,0.8961038961038961,0.6666666666666666,0.9090909090909091,0.7692307692307692,0.0,,,,0.0,0.0,0.0,,15,67,1.0,1,1.0,4918.2
MED-014,claude_code,medium,1.0,0.0,0.0,1.0,0.23206751054852326,0.32362459546925565,0.11428571428571428,0.054671800281774104,0.35598705501618116,0.09523809523809523,0.4444444444444444,0.1568627450980392,0.0,,,,0.0,0.0,0.0,,42,136,1.0,1,1.0,5566.18
HARD-029,claude_code,hard,1.0,0.0,0.0,1.0,0.1283095723014257,0.18021201413427562,0.07142857142857142,0.02749785546283997,0.22261484098939932,0.04878048780487805,0.4444444444444444,0.08791208791208792,0.0,,,,0.0,0.0,0.0,,82,334,1.0,1,1.0,6412.53
MED-002,claude_code,medium,1.0,0.0,0.0,1.0,0.3247588424437299,0.08768971332209106,0.12244897959183673,1.3562437856908628e-08,0.5025295109612142,0.25,0.16666666666666666,0.2,0.0,,,,0.0,0.0,0.0,,32,179,1.0,1,1.0,5246.42
EASY-003,claude_code,easy,1.0,0.0,0.0,1.0,0.40816326530612246,0.5298013245033113,0.29411764705882354,0.24808415012886273,0.5298013245033113,0.45454545454545453,0.45454545454545453,0.45454545454545453,0.0,,,,0.0,0.0,0.0,,11,84,1.0,1,1.0,5875.58
HARD-005,claude_code,hard,1.0,0.0,0.0,1.0,0.0978441127694859,0.13392857142857142,0.1,0.032316186098224176,0.1755952380952381,0.05714285714285714,0.4444444444444444,0.10126582278481011,0.0,,,,0.0,0.0,0.0,,70,350,0.6666666666666667,2,0.6129994036970782,6286.05
HARD-013,claude_code,hard,1.0,0.0,0.0,1.0,0.1307947019867549,0.17391304347826086,0.10526315789473684,0.05036116878087529,0.2289855072463768,0.06818181818181818,0.5454545454545454,0.12121212121212122,0.0,,,,0.0,0.0,0.0,,88,378,0.33333333333333337,3,0.8466538204387074,6749.12
EASY-015,claude_code,easy,1.0,0.0,0.0,1.0,0.6759259259259259,0.7959183673469388,0.4117647058823529,0.22242469409812657,0.7959183673469388,0.5384615384615384,0.6363636363636364,0.5833333333333334,0.0,,,,0.0,0.0,0.0,,13,92,1.0,1,1.0,5263.04
HARD-033,claude_code,hard,1.0,0.0,0.0,1.0,0.2890625,0.37900874635568516,0.15789473684210525,0.11318741612299964,0.43148688046647227,0.15,0.5454545454545454,0.2352941176470588,0.0,,,,0.0,0.0,0.0,,40,165,1.0,1,1.0,5527.78
MED-018,claude_code,medium,1.0,0.0,0.0,1.0,0.20189274447949523,0.24489795918367346,0.10256410256410256,0.054671800281774104,0.33163265306122447,0.09523809523809523,0.4444444444444444,0.1568627450980392,0.0,,,,0.0,0.0,0.0,,42,208,0.6666666666666667,2,0.9270833333333334,5646.08
HARD-025,claude_code,hard,1.0,0.0,0.0,1.0,0.1390476190476191,0.2098360655737705,0.10526315789473684,0.04422495249384752,0.23934426229508196,0.06,0.5454545454545454,0.10810810810810809,0.0,,,,0.0,0.0,0.0,,100,318,1.0,1,1.0,6479.28
MED-022,claude_code,medium,1.0,0.0,0.0,1.0,0.1644444444444444,0.2397003745318352,0.125,0.056210716757407235,0.2808988764044944,0.0759493670886076,0.5454545454545454,0.13333333333333333,0.0,,,,0.0,0.0,0.0,,79,286,0.33333333333333337,3,0.9834795248673837,6086.82
HARD-009,claude_code,hard,0.33333333333333326,0.0,0.0,0.3333333333333333,0.0850599781897492,0.13226452905811623,0.07936507936507936,0.024005140733202007,0.15631262525050102,0.050505050505050504,0.5555555555555556,0.09259259259259259,0.0,,,,0.0,0.0,0.0,,99,614,0.33333333333333337,3,0.583486286559051,9411.26
MED-023,claude_code,medium,1.0,0.0,0.0,1.0,0.2290322580645161,0.3256997455470738,0.11764705882352941,0.04866005455185134,0.361323155216285,0.0851063829787234,0.4444444444444444,0.14285714285714285,0.0,,,,0.0,0.0,0.0,,47,204,1.0,1,1.0,5926.29
HARD-008,claude_code,hard,1.0,0.0,0.0,1.0,0.2230215827338129,0.32492997198879553,0.12,0.08460008069805322,0.3529411764705883,0.11320754716981132,0.5454545454545454,0.1875,0.0,,,,0.0,0.0,0.0,,53,170,1.0,1,1.0,5669.62
HARD-024,claude_code,hard,1.0,0.0,0.0,1.0,0.22455089820359286,0.3222748815165877,0.1276595744680851,0.0785002053386808,0.3554502369668246,0.10526315789473684,0.5454545454545454,0.1764705882352941,0.0,,,,0.0,0.0,0.0,,57,226,1.0,1,1.0,5599.57
HARD-032,claude_code,hard,1.0,0.0,0.0,1.0,0.13718411552346566,0.21003134796238246,0.08333333333333333,0.024507934401884965,0.23824451410658307,0.05154639175257732,0.5555555555555556,0.09433962264150943,0.0,,,,0.0,0.0,0.0,,97,346,1.0,1,1.0,7145.46
MED-019,claude_code,medium,1.0,0.0,0.0,1.0,0.44881889763779526,0.5123152709359606,0.19047619047619047,0.12673718547999524,0.5615763546798028,0.21052631578947367,0.4444444444444444,0.2857142857142857,0.0,,,,0.0,0.0,0.0,,19,89,1.0,1,1.0,4825.46
EASY-014,claude_code,easy,1.0,0.0,0.0,1.0,0.23383084577114432,0.1320754716981132,0.18181818181818182,2.7973271775335364e-06,0.3710691823899371,0.3157894736842105,0.25,0.27906976744186046,0.0,,,,0.0,0.0,0.0,,19,95,1.0,1,1.0,5143.03
HARD-012,claude_code,hard,0.6666666666666666,0.0,0.0,0.6666666666666666,0.12,0.19365609348914858,0.08333333333333333,0.02749785546283997,0.21035058430717862,0.04878048780487805,0.4444444444444444,0.08791208791208792,0.0,,,,0.0,0.0,0.0,,82,298,0.6666666666666667,2,0.720754716981132,6424.77
HARD-004,claude_code,hard,1.0,0.0,0.0,1.0,0.10560000000000003,0.15691868758915833,0.10909090909090909,0.03942172101938508,0.18830242510699,0.05357142857142857,0.5454545454545454,0.09756097560975609,0.0,,,,0.0,0.0,0.0,,112,374,0.6666666666666667,2,0.7568,6889.57
EASY-002,claude_code,easy,1.0,0.0,0.0,1.0,0.19512195121951215,0.29493087557603687,0.16,2.9817921627477883e-06,0.304147465437788,0.17391304347826086,0.36363636363636365,0.2352941176470588,0.0,,,,0.0,0.0,0.0,,23,110,1.0,1,1.0,4916.94
HARD-028,claude_code,hard,1.0,0.0,0.0,1.0,0.21387283236994215,0.27972027972027974,0.11428571428571428,0.052097183099137585,0.344988344988345,0.09090909090909091,0.4444444444444444,0.1509433962264151,0.0,,,,0.0,0.0,0.0,,44,247,0.6666666666666667,2,0.9576107899807322,5927.65
MED-003,claude_code,medium,1.0,0.0,0.0,1.0,0.3081395348837209,0.10776545166402536,0.2,0.0493351905171095,0.45007923930269417,0.38235294117647056,0.23636363636363636,0.29213483146067415,0.0,,,,0.0,0.0,0.0,,34,243,1.0,1,1.0,6320.71
MED-015,claude_code,medium,1.0,0.0,0.0,1.0,0.22128851540616246,0.30493273542600896,0.13636363636363635,0.08801997710052024,0.3542600896860987,0.11764705882352941,0.5454545454545454,0.1935483870967742,0.0,,,,0.0,0.0,0.0,,51,235,1.0,1,1.0,6799.74
HARD-035,claude_code,hard,1.0,0.0,0.0,1.0,0.2743362831858407,0.3737704918032787,0.15789473684210525,0.1049990155211617,0.4065573770491803,0.13953488372093023,0.5454545454545454,0.22222222222222218,0.0,,,,0.0,0.0,0.0,,43,152,1.0,1,1.0,5275.63
CODEGEN-E003,claude_code,medium,1.0,0.0,0.0,1.0,0.25909090909090904,0.3501683501683502,0.1935483870967742,0.11031958328048035,0.39730639730639733,0.14634146341463414,0.5454545454545454,0.23076923076923073,0.0,,,,0.0,0.0,0.0,,41,112,1.0,1,1.0,5548.99
HARD-023,claude_code,hard,1.0,0.0,0.0,1.0,0.23469387755102045,0.3448275862068966,0.125,0.05335343837178677,0.36604774535809015,0.09302325581395349,0.4444444444444444,0.15384615384615385,0.0,,,,0.0,0.0,0.0,,43,188,0.6666666666666667,2,0.946127946127946,5602.46
MED-008,claude_code,medium,1.0,0.0,0.0,1.0,0.34375,0.4957983193277311,0.21428571428571427,4.215503095026201e-06,0.5294117647058824,0.3,0.3333333333333333,0.3157894736842105,0.0,,,,0.0,0.0,0.0,,20,83,1.0,1,1.0,4983.38
EASY-009,claude_code,easy,1.0,0.0,0.0,1.0,0.22352941176470587,0.4473684210526316,0.2222222222222222,2.4925978680787537e-06,0.4605263157894737,0.4444444444444444,0.26666666666666666,0.33333333333333337,0.0,,,,0.0,0.0,0.0,,9,55,1.0,1,1.0,5407.63
MED-024,claude_code,medium,1.0,0.0,0.0,1.0,0.2571428571428571,0.35185185185185186,0.1111111111111111,0.057514232872496185,0.38888888888888884,0.1,0.4444444444444444,0.163265306122449,0.0,,,,0.0,0.0,0.0,,40,146,1.0,1,1.0,5224.56
HARD-019,claude_code,hard,1.0,0.0,0.0,1.0,0.09643328929986794,0.13875598086124402,0.07272727272727272,0.028562506043734035,0.17464114832535885,0.05063291139240506,0.4444444444444444,0.0909090909090909,0.0,,,,0.0,0.0,0.0,,79,462,1.0,1,1.0,7679.55
MED-012,claude_code,medium,1.0,0.0,0.0,1.0,0.17717717717717718,0.21782178217821782,0.0851063829787234,0.044725832918278016,0.2920792079207921,0.0784313725490196,0.4444444444444444,0.13333333333333333,0.0,,,,0.0,0.0,0.0,,51,227,1.0,1,1.0,7276.09
CODEGEN-H001,claude_code,hard,1.0,0.0,0.0,1.0,0.2589285714285714,0.32167832167832167,0.1111111111111111,0.06066858206200528,0.4102564102564103,0.10526315789473684,0.4444444444444444,0.1702127659574468,0.0,,,,0.0,0.0,0.0,,38,223,0.6666666666666667,2,0.8765806777946383,6517.48
MED-004,claude_code,medium,1.0,0.0,0.0,1.0,0.25903614457831325,0.05238828967642527,0.1206896551724138,2.0836586843757792e-08,0.48382126348228044,0.2564102564102564,0.23809523809523808,0.24691358024691357,0.0,,,,0.0,0.0,0.0,,39,227,0.6666666666666667,2,0.9791666666666666,5451.07
EASY-005,claude_code,easy,1.0,0.0,0.0,1.0,0.15962441314553988,0.24334600760456274,0.1,1.843049403544504e-08,0.2737642585551331,0.11538461538461539,0.2727272727272727,0.16216216216216214,0.0,,,,0.0,0.0,0.0,,26,140,1.0,1,1.0,5145.46
MED-028,claude_code,medium,1.0,0.0,0.0,1.0,0.5128205128205128,0.6580645161290323,0.25,0.23462350331428217,0.6580645161290323,0.36363636363636365,0.4444444444444444,0.39999999999999997,0.0,,,,0.0,0.0,0.0,,11,64,1.0,1,1.0,4950.29
CODEGEN-M002,claude_code,medium,1.0,0.0,0.0,1.0,0.27884615384615385,0.35335689045936397,0.15384615384615385,0.08359764109719393,0.40989399293286216,0.14285714285714285,0.4444444444444444,0.21621621621621623,0.0,,,,0.0,0.0,0.0,,28,153,1.0,1,1.0,5537.05
HARD-003,claude_code,hard,1.0,0.0,0.0,1.0,0.11538461538461542,0.15406562054208273,0.10344827586206896,0.04922287948759471,0.2054208273894437,0.06666666666666667,0.5454545454545454,0.11881188118811882,0.0,,,,0.0,0.0,0.0,,90,373,0.6666666666666667,2,0.57206604194556,7625.98
HARD-015,claude_code,hard,1.0,0.0,0.0,1.0,0.18858560794044665,0.26229508196721313,0.10810810810810811,0.0508987453727956,0.3114754098360656,0.08888888888888889,0.4444444444444444,0.14814814814814814,0.0,,,,0.0,0.0,0.0,,45,287,1.0,1,1.0,5595.11
CODEGEN-001,claude_code,easy,1.0,0.0,0.0,1.0,0.3220338983050848,0.45,0.1875,0.14291173584329075,0.47500000000000003,0.1875,0.5454545454545454,0.27906976744186046,0.0,,,,0.0,0.0,0.0,,32,161,1.0,1,1.0,5922.69
EASY-013,claude_code,easy,1.0,0.0,0.0,1.0,0.189873417721519,0.3317972350230415,0.14285714285714285,2.4435249850686498e-06,0.34101382488479265,0.11764705882352941,0.5714285714285714,0.1951219512195122,0.0,,,,0.0,0.0,0.0,,34,93,0.6666666666666667,2,0.9348659003831417,5418.36
EASY-012,claude_code,easy,1.0,0.0,0.0,1.0,0.24305555555555558,0.36666666666666664,0.22580645161290322,1.6574150219715031e-06,0.4,0.4117647058823529,0.21875,0.2857142857142857,0.0,,,,0.0,0.0,0.0,,17,76,1.0,1,1.0,6470.05
HARD-014,claude_code,hard,1.0,0.0,0.0,1.0,0.18398268398268403,0.24504504504504504,0.09302325581395349,0.03850056383603226,0.3063063063063063,0.06779661016949153,0.4444444444444444,0.1176470588235294,0.0,,,,0.0,0.0,0.0,,59,316,1.0,1,1.0,6029.58
MED-029,claude_code,medium,1.0,0.0,0.0,1.0,0.2666666666666667,0.3559322033898305,0.125,0.07508325064243634,0.4067796610169491,0.12903225806451613,0.4444444444444444,0.19999999999999998,0.0,,,,0.0,0.0,0.0,,31,196,1.0,1,1.0,5465.92
CODEGEN-M003,claude_code,medium,1.0,0.0,0.0,1.0,0.22988505747126442,0.3123123123123123,0.12903225806451613,0.07030983753944739,0.3663663663663663,0.12121212121212122,0.4444444444444444,0.19047619047619047,0.0,,,,0.0,0.0,0.0,,33,185,1.0,1,1.0,7103.79
HARD-002,claude_code,hard,1.0,0.0,0.0,1.0,0.1961414790996785,0.26109660574412535,0.14285714285714285,0.08055259313161306,0.31853785900783294,0.13793103448275862,0.4444444444444444,0.21052631578947367,0.0,,,,0.0,0.0,0.0,,29,215,1.0,1,1.0,6305.86
EASY-004,claude_code,easy,1.0,0.0,0.0,1.0,0.2650602409638554,0.44285714285714284,0.14285714285714285,2.1917674637591978e-08,0.44285714285714284,0.23076923076923078,0.2727272727272727,0.24999999999999994,0.0,,,,0.0,0.0,0.0,,13,67,0.6666666666666667,2,0.934065934065934,4637.12
MED-005,claude_code,medium,1.0,0.0,0.0,1.0,0.39030612244897955,0.24025974025974026,0.2127659574468085,0.0003223923892619149,0.538961038961039,0.1724137931034483,0.5,0.25641025641025644,0.0,,,,0.0,0.0,0.0,,58,251,1.0,1,1.0,6835.07
HARD-038,claude_code,hard,1.0,0.0,0.0,1.0,0.16666666666666663,0.2236842105263158,0.10526315789473684,0.040620730118736806,0.2807017543859649,0.07142857142857142,0.4444444444444444,0.12307692307692308,0.0,,,,0.0,0.0,0.0,,56,225,1.0,1,1.0,5783.15
MED-013,claude_code,medium,1.0,0.0,0.0,1.0,0.3113207547169812,0.42033898305084744,0.21428571428571427,0.12632368180198617,0.44745762711864406,0.16666666666666666,0.5454545454545454,0.2553191489361702,0.0,,,,0.0,0.0,0.0,,36,137,1.0,1,1.0,5259.81
HARD-018,claude_code,hard,1.0,0.0,0.0,1.0,0.21635883905013198,0.3099787685774947,0.13953488372093023,0.08801997710052024,0.3524416135881104,0.11764705882352941,0.5454545454545454,0.1935483870967742,0.0,,,,0.0,0.0,0.0,,51,245,1.0,1,1.0,7369.01
MED-025,claude_code,medium,1.0,0.0,0.0,1.0,0.2689873417721519,0.35036496350364965,0.2222222222222222,0.18043239926940807,0.41362530413625304,0.21621621621621623,0.6153846153846154,0.32,0.0,,,,0.0,0.0,0.0,,37,220,1.0,1,1.0,7034.4
EASY-008,claude_code,easy,1.0,0.0,0.0,1.0,0.44318181818181823,0.5714285714285714,0.2857142857142857,4.3668354442397346e-06,0.5850340136054422,0.36363636363636365,0.5714285714285714,0.4444444444444444,0.0,,,,0.0,0.0,0.0,,11,74,1.0,1,1.0,5142.0
HARD-022,claude_code,hard,1.0,0.0,0.0,1.0,0.13902439024390245,0.1950207468879668,0.07407407407407407,0.0305327875457333,0.23651452282157678,0.05405405405405406,0.4444444444444444,0.0963855421686747,0.0,,,,0.0,0.0,0.0,,74,233,1.0,1,1.0,6226.13
MED-009,claude_code,medium,1.0,0.0,0.0,1.0,0.3414634146341463,0.07934336525307797,0.11764705882352941,1.8612097185919513e-08,0.4842681258549932,0.12,0.17647058823529413,0.14285714285714282,0.0,,,,0.0,0.0,0.0,,50,192,0.6666666666666667,2,0.8975139523084729,5593.84
CODEGEN-E002,claude_code,medium,1.0,0.0,0.0,1.0,0.16905444126074498,0.23222748815165878,0.0975609756097561,0.04216887591709406,0.2796208530805687,0.07407407407407407,0.4444444444444444,0.12698412698412698,0.0,,,,0.0,0.0,0.0,,54,192,1.0,1,1.0,7077.84
HARD-034,claude_code,hard,1.0,0.0,0.0,1.0,0.31055900621118016,0.4051724137931034,0.13333333333333333,0.06814385190341132,0.4396551724137931,0.11764705882352941,0.4444444444444444,0.18604651162790695,0.0,,,,0.0,0.0,0.0,,34,96,1.0,1,1.0,5219.96
MED-026,codex_cli,medium,1.0,1.0,1.0,1.0,0.6086956521739131,0.6473988439306358,0.2727272727272727,0.2817595050057808,0.7052023121387283,0.35294117647058826,0.5454545454545454,0.42857142857142855,1.0,,,2.0,64.53,7.0,451.71,100.0,17,72,1.0,1,1.0,2567.924976348877
HARD-021,codex_cli,hard,1.0,1.0,1.0,1.0,0.1242690058479532,0.18814432989690721,0.09375,0.04467860110264191,0.21907216494845358,0.06060606060606061,0.5454545454545454,0.10909090909090911,1.0,,,8.0,478.22,22.75,10879.54,86.98988138837706,99,398,0.33333333333333337,3,0.5888964023948356,7419.286727905273
CODEGEN-E001,codex_cli,medium,1.0,0.0,0.0,1.0,0.13620689655172413,0.19431988041853512,0.08695652173913043,0.04090250928602007,0.2361733931240657,0.05555555555555555,0.5454545454545454,0.10084033613445377,0.0,,,,0.0,0.0,0.0,,108,361,0.33333333333333337,3,0.9278913856580631,5557.79
HARD-037,codex_cli,hard,1.0,1.0,1.0,1.0,0.05319822672577579,0.08043217286914765,0.05217391304347826,0.017458600941663655,0.10084033613445377,0.02390438247011952,0.5454545454545454,0.04580152671755725,1.0,,,17.0,1429.01,37.56,53670.85,63.25362248429758,251,769,0.33333333333333337,3,0.26089053699112585,17255.511045455933
EASY-011,codex_cli,easy,1.0,0.0,0.0,1.0,0.18796992481203012,0.3008356545961003,0.12903225806451613,1.8132787286095436e-08,0.31754874651810583,0.10810810810810811,0.2857142857142857,0.1568627450980392,0.0,,,,0.0,0.0,0.0,,37,166,0.6666666666666667,2,0.9683744465528147,2741.92
CODEGEN-003,codex_cli,easy,1.0,0.0,0.0,1.0,0.17014925373134326,0.22332506203473945,0.1111111111111111,0.054671800281774104,0.28287841191067,0.09523809523809523,0.4444444444444444,0.1568627450980392,0.0,,,,0.0,0.0,0.0,,42,202,1.0,1,1.0,3658.76
HARD-017,codex_cli,hard,1.0,1.0,1.0,1.0,0.2068965517241379,0.2777777777777778,0.12121212121212122,0.0641891996522995,0.33333333333333326,0.1111111111111111,0.4444444444444444,0.17777777777777776,1.0,,,4.0,175.69,9.38,1647.12,100.0,36,199,1.0,1,1.0,3957.6849937438965
HARD-001,codex_cli,hard,1.0,0.0,0.0,1.0,0.23839009287925694,0.3080684596577017,0.11428571428571428,0.04866005455185134,0.3765281173594132,0.0851063829787234,0.4444444444444444,0.14285714285714285,0.0,,,,0.0,0.0,0.0,,47,219,0.6666666666666667,2,0.9473150962512665,3947.54
EASY-007,codex_cli,easy,1.0,0.0,0.0,1.0,0.26190476190476186,0.3783783783783784,0.18181818181818182,3.050383929329822e-06,0.4324324324324324,0.18181818181818182,0.5714285714285714,0.27586206896551724,0.0,,,,0.0,0.0,0.0,,22,85,1.0,1,1.0,2900.35
MED-006,codex_cli,medium,1.0,0.0,0.0,1.0,0.30932203389830504,0.15315315315315314,0.15384615384615385,2.1626538637832125e-08,0.472972972972973,0.21875,0.3181818181818182,0.25925925925925924,0.0,,,,0.0,0.0,0.0,,32,133,0.6666666666666667,2,0.9984012789768185,3048.97
CODEGEN-H003,codex_cli,hard,1.0,0.0,0.0,1.0,0.16455696202531644,0.23655913978494625,0.125,0.08460008069805322,0.27956989247311825,0.11320754716981132,0.5454545454545454,0.1875,0.0,,,,0.0,0.0,0.0,,53,363,0.33333333333333337,3,0.9839651862627145,4895.46
MED-010,codex_cli,medium,1.0,0.0,0.0,1.0,0.29769392033542974,0.09256661991584852,0.2,2.8465547478724853e-06,0.44039270687237025,0.28888888888888886,0.40625,0.3376623376623376,0.0,,,,0.0,0.0,0.0,,45,279,0.6666666666666667,2,0.9930410577592207,3376.71
MED-011,codex_cli,medium,1.0,0.0,0.0,1.0,0.13099630996309963,0.18971061093247588,0.08333333333333333,0.0305327875457333,0.22829581993569134,0.05405405405405406,0.4444444444444444,0.0963855421686747,0.0,,,,0.0,0.0,0.0,,74,323,0.33333333333333337,3,0.9692439212771694,4539.81
CODEGEN-H002,codex_cli,hard,1.0,0.0,0.0,1.0,0.18983957219251335,0.23893805309734514,0.125,0.07772174612042541,0.3141592920353982,0.13333333333333333,0.4444444444444444,0.20512820512820512,0.0,,,,0.0,0.0,0.0,,30,231,0.33333333333333337,3,0.5402430323186733,4269.18
MED-007,codex_cli,medium,1.0,0.0,0.0,1.0,0.3848314606741573,0.10256410256410256,0.17391304347826086,2.2469494084122878e-08,0.5192307692307692,0.2549019607843137,0.43333333333333335,0.32098765432098764,0.0,,,,0.0,0.0,0.0,,51,219,0.33333333333333337,3,0.5499408047992816,2714.05
EASY-006,codex_cli,easy,0.0,0.0,0.0,0.0,0.288135593220339,0.45614035087719296,0.2631578947368421,0.15138514610208242,0.4561403508771929,0.29411764705882354,0.7142857142857143,0.4166666666666667,0.0,,,,0.0,0.0,0.0,,17,98,1.0,1,1.0,3868.23
CODEGEN-M001,codex_cli,medium,1.0,0.0,0.0,1.0,0.09932885906040267,0.14094775212636695,0.07272727272727272,0.023423479151108356,0.17982989064398544,0.041666666666666664,0.4444444444444444,0.07619047619047618,0.0,,,,0.0,0.0,0.0,,96,460,0.6666666666666667,2,0.6881014873140857,4688.64
HARD-016,codex_cli,hard,1.0,1.0,1.0,1.0,0.09494640122511488,0.11650485436893204,0.09302325581395349,0.023930005975059804,0.17198335644937587,0.0425531914893617,0.4444444444444444,0.07766990291262137,1.0,,,7.0,394.66,16.76,6616.29,86.80664061404354,94,346,0.33333333333333337,3,0.6698720944181905,5294.421911239624
CODEGEN-002,codex_cli,easy,1.0,0.0,0.0,1.0,0.16237113402061853,0.21691973969631237,0.1111111111111111,0.04383973401555817,0.2776572668112798,0.07692307692307693,0.4444444444444444,0.1311475409836066,0.0,,,,0.0,0.0,0.0,,52,245,1.0,1,1.0,5050.56
EASY-010,codex_cli,easy,1.0,0.0,0.0,1.0,0.26792452830188684,0.3407821229050279,0.24242424242424243,3.0366739918645118e-06,0.4022346368715084,0.20408163265306123,0.5882352941176471,0.30303030303030304,0.0,,,,0.0,0.0,0.0,,49,140,0.6666666666666667,2,0.9987397605545053,3831.44
HARD-036,codex_cli,hard,1.0,1.0,1.0,1.0,0.20149253731343286,0.24897959183673468,0.11764705882352941,0.07322094896275297,0.33061224489795915,0.09836065573770492,0.5454545454545454,0.16666666666666666,1.0,,,6.0,326.98,11.43,3736.88,97.94446672836355,61,251,0.33333333333333337,3,0.965041387951704,4156.621694564819
HARD-020,codex_cli,hard,0.6666666666666666,1.0,1.0,0.6666666666666666,0.08550185873605953,0.11778029445073612,0.06097560975609756,0.017272524049974848,0.1562853907134768,0.0364963503649635,0.5555555555555556,0.0684931506849315,1.0,,,15.0,723.23,37.89,27406.57,83.23254534382514,137,495,0.33333333333333337,3,0.8309963428302929,8319.4899559021
MED-027,codex_cli,medium,1.0,1.0,1.0,1.0,0.3795620437956204,0.4519230769230769,0.16666666666666666,0.10308675265524066,0.5096153846153847,0.17391304347826086,0.4444444444444444,0.25,1.0,,,3.0,47.55,4.4,209.22,100.0,23,95,0.6666666666666667,2,0.9904076738609113,2662.705898284912
CODEGEN-005,codex_cli,medium,1.0,0.0,0.0,1.0,0.1548556430446194,0.19599109131403117,0.1,0.04866005455185134,0.26280623608017817,0.0851063829787234,0.4444444444444444,0.14285714285714285,0.0,,,,0.0,0.0,0.0,,47,221,0.33333333333333337,3,0.8656410094778079,3825.42
HARD-011,codex_cli,hard,1.0,0.0,0.0,1.0,0.21169916434540392,0.2914798206278027,0.15384615384615385,0.08801997710052024,0.3408071748878924,0.11764705882352941,0.5454545454545454,0.1935483870967742,0.0,,,,0.0,0.0,0.0,,51,234,0.6666666666666667,2,0.99721059972106,3567.64
HARD-007,codex_cli,hard,1.0,0.0,0.0,1.0,0.14130434782608692,0.1984251968503937,0.10344827586206896,0.04813491310919147,0.24566929133858267,0.06521739130434782,0.5454545454545454,0.11650485436893204,0.0,,,,0.0,0.0,0.0,,92,337,0.6666666666666667,2,0.9879227053140097,4690.65
EASY-001,codex_cli,easy,1.0,0.0,0.0,1.0,0.4328358208955224,0.5217391304347826,0.25,0.0008987832660089816,0.5391304347826088,0.4444444444444444,0.36363636363636365,0.39999999999999997,0.0,,,,0.0,0.0,0.0,,9,55,0.6666666666666667,2,0.9328859060402684,1992.96
CODEGEN-H005,codex_cli,hard,1.0,0.0,0.0,1.0,0.11049723756906082,0.17046580773042616,0.07142857142857142,0.03145140160989733,0.19821605550049554,0.04285714285714286,0.5454545454545454,0.07947019867549669,0.0,,,,0.0,0.0,0.0,,140,589,0.6666666666666667,2,0.7589051368578926,6469.71
MED-016,codex_cli,medium,1.0,0.0,0.0,1.0,0.2770562770562771,0.36774193548387096,0.13793103448275862,0.06610740221530727,0.4129032258064516,0.11428571428571428,0.4444444444444444,0.1818181818181818,0.0,,,,0.0,0.0,0.0,,35,151,0.6666666666666667,2,0.927536231884058,3143.07
MED-020,codex_cli,medium,0.3333333333333333,0.0,0.5,0.3333333333333333,0.5652173913043479,0.6612903225806451,0.3333333333333333,0.30895757759982456,0.6774193548387097,0.5714285714285714,0.4444444444444444,0.5,1.0,,,1.0,13.93,2.25,31.35,100.0,7,45,0.6666666666666667,2,0.7085828343313373,3319.7479248046875
HARD-027,codex_cli,hard,1.0,1.0,1.0,1.0,0.16268980477223427,0.2587800369685767,0.0975609756097561,0.04383973401555817,0.27726432532347506,0.07692307692307693,0.4444444444444444,0.1311475409836066,1.0,,,4.0,250.77,8.0,2006.15,100.0,52,320,0.6666666666666667,2,0.9889746416758545,4252.392053604126
HARD-031,codex_cli,hard,1.0,1.0,1.0,1.0,0.175704989154013,0.2697841726618705,0.10909090909090909,0.056210716757407235,0.2913669064748201,0.0759493670886076,0.5454545454545454,0.13333333333333333,1.0,,,5.0,408.94,19.06,7795.39,94.69633054300908,79,264,0.33333333333333337,3,0.9513149815571897,4822.180271148682
HARD-030,codex_cli,hard,1.0,1.0,1.0,1.0,0.2334630350194552,0.2978723404255319,0.125,0.06610740221530727,0.364741641337386,0.11428571428571428,0.4444444444444444,0.1818181818181818,1.0,,,4.0,160.54,7.62,1222.57,100.0,35,163,1.0,1,1.0,3313.135862350464
HARD-026,codex_cli,hard,1.0,1.0,1.0,1.0,0.2271293375394322,0.3007518796992481,0.13333333333333333,0.05335343837178677,0.3609022556390978,0.09302325581395349,0.4444444444444444,0.15384615384615385,1.0,,,5.0,158.12,13.2,2087.23,100.0,43,181,0.6666666666666667,2,0.9094380796508457,3789.109706878662
MED-021,codex_cli,medium,1.0,1.0,1.0,1.0,0.2870813397129187,0.3832752613240418,0.14285714285714285,0.054671800281774104,0.42508710801393734,0.09523809523809523,0.4444444444444444,0.1568627450980392,1.0,,,5.0,154.29,12.5,1928.59,100.0,42,124,1.0,1,1.0,3757.457971572876
MED-017,codex_cli,medium,1.0,0.0,0.0,1.0,0.10188679245283017,0.1644295302013423,0.07692307692307693,0.025011757088248283,0.18120805369127518,0.044444444444444446,0.4444444444444444,0.08080808080808081,0.0,,,,0.0,0.0,0.0,,90,316,0.33333333333333337,3,0.5614960551781706,4723.82
CODEGEN-H004,codex_cli,hard,1.0,0.0,0.0,1.0,0.2321981424148607,0.2926829268292683,0.13953488372093023,0.09370187158047293,0.3658536585365853,0.125,0.5454545454545454,0.20338983050847456,0.0,,,,0.0,0.0,0.0,,48,198,1.0,1,1.0,3510.51
MED-001,codex_cli,medium,1.0,0.0,0.0,1.0,0.3471971066907775,0.10421286031042129,0.22033898305084745,2.8529930408933883e-06,0.49002217294900224,0.22857142857142856,0.4,0.2909090909090909,1.0,0.5255102040816326,0.18510546706844597,6.0,343.13,20.53,7045.65,93.34864246289061,70,334,0.33333333333333337,3,0.7399275258833158,4091.74
HARD-006,codex_cli,hard,1.0,0.0,0.0,1.0,0.11627906976744184,0.17083946980854198,0.078125,0.02328847930618171,0.20618556701030924,0.049019607843137254,0.5555555555555556,0.09009009009009009,0.0,,,,0.0,0.0,0.0,,102,364,0.33333333333333337,3,0.6895449790140349,4738.22
HARD-010,codex_cli,hard,1.0,0.0,0.0,1.0,0.11612903225806448,0.17663817663817663,0.11666666666666667,0.04842077818492145,0.20797720797720795,0.07368421052631578,0.6363636363636364,0.1320754716981132,0.0,,,,0.0,0.0,0.0,,95,316,0.33333333333333337,3,0.7486802456754845,5605.11
CODEGEN-004,codex_cli,medium,1.0,0.0,0.0,1.0,0.2710280373831776,0.35986159169550175,0.12903225806451613,0.07508325064243634,0.41522491349480967,0.12903225806451613,0.4444444444444444,0.19999999999999998,0.0,,,,0.0,0.0,0.0,,31,148,1.0,1,1.0,2872.78
MED-014,codex_cli,medium,1.0,0.0,0.0,1.0,0.19999999999999996,0.2615803814713896,0.10256410256410256,0.04866005455185134,0.32152588555858314,0.0851063829787234,0.4444444444444444,0.14285714285714285,0.0,,,,0.0,0.0,0.0,,47,176,0.33333333333333337,3,0.7389606615233788,3083.73
HARD-029,codex_cli,hard,1.0,1.0,1.0,1.0,0.15594059405940597,0.21294363256784968,0.08695652173913043,0.03720596208078736,0.2630480167014614,0.06557377049180328,0.4444444444444444,0.1142857142857143,1.0,,,6.0,371.38,24.96,9270.27,97.28426325012998,61,268,0.6666666666666667,2,0.6969696969696969,4353.2538414001465
MED-002,codex_cli,medium,1.0,0.0,0.0,1.0,0.3247588424437299,0.08754208754208755,0.12244897959183673,1.3562437856908628e-08,0.5016835016835016,0.25,0.16666666666666666,0.2,0.0,,,,0.0,0.0,0.0,,32,179,1.0,1,1.0,3038.34
EASY-003,codex_cli,easy,1.0,0.0,0.0,1.0,0.3445378151260504,0.47674418604651164,0.20833333333333334,0.134008257932701,0.47674418604651153,0.2631578947368421,0.45454545454545453,0.3333333333333333,0.0,,,,0.0,0.0,0.0,,19,97,0.6666666666666667,2,0.8986175115207372,2429.94
HARD-005,codex_cli,hard,1.0,0.0,0.0,1.0,0.10332749562171628,0.146875,0.10526315789473684,0.034861528072136,0.184375,0.06153846153846154,0.4444444444444444,0.10810810810810811,0.0,,,,0.0,0.0,0.0,,65,333,1.0,1,1.0,4813.86
HARD-013,codex_cli,hard,1.0,0.0,0.0,1.0,0.10896551724137926,0.14796547472256474,0.10526315789473684,0.03942172101938508,0.19482120838471023,0.05357142857142857,0.5454545454545454,0.09756097560975609,1.0,,,11.0,461.22,28.79,13276.66,83.7814230493328,112,453,0.33333333333333337,3,0.7492164852283213,6007.76
HARD-033,codex_cli,hard,1.0,1.0,1.0,1.0,0.3288288288288288,0.41423948220064727,0.20689655172413793,0.13836903394571715,0.4724919093851134,0.18181818181818182,0.5454545454545454,0.2727272727272727,1.0,,,4.0,100.0,5.1,510.0,100.0,33,150,0.33333333333333337,3,0.6631197146094151,3631.3819885253906
MED-018,codex_cli,medium,1.0,0.0,0.0,1.0,0.23193916349809884,0.2958579881656805,0.1111111111111111,0.057514232872496185,0.36094674556213024,0.1,0.4444444444444444,0.163265306122449,0.0,,,,0.0,0.0,0.0,,40,176,1.0,1,1.0,3071.82
HARD-025,codex_cli,hard,1.0,1.0,1.0,1.0,0.14203454894433776,0.19141914191419143,0.14634146341463414,0.04922287948759471,0.24752475247524755,0.06666666666666667,0.5454545454545454,0.11881188118811882,1.0,,,10.0,423.04,25.71,10878.16,87.91963199877506,90,257,0.33333333333333337,3,0.40717012223589183,6120.2380657196045
MED-022,codex_cli,medium,1.0,1.0,1.0,1.0,0.16780045351473927,0.2438095238095238,0.1276595744680851,0.056210716757407235,0.28190476190476194,0.0759493670886076,0.5454545454545454,0.13333333333333333,1.0,,,6.0,408.63,15.83,6469.9,96.78849798032337,79,285,0.6666666666666667,2,0.9651567944250871,5717.334032058716
MED-023,codex_cli,medium,1.0,1.0,1.0,1.0,0.23745819397993306,0.3298429319371728,0.125,0.0508987453727956,0.3717277486910994,0.08888888888888889,0.4444444444444444,0.14814814814814814,1.0,,,3.0,183.94,11.9,2188.84,100.0,45,192,0.6666666666666667,2,0.8612059158134243,6181.185007095337
HARD-008,codex_cli,hard,1.0,0.0,0.0,1.0,0.20125786163522008,0.2871536523929471,0.11764705882352941,0.07576871184553494,0.3224181360201511,0.1016949152542373,0.5454545454545454,0.17142857142857146,0.0,,,,0.0,0.0,0.0,,59,177,0.33333333333333337,3,0.9020091269277891,3817.38
HARD-024,codex_cli,hard,1.0,1.0,1.0,1.0,0.22063037249283668,0.2974828375286041,0.13043478260869565,0.07576871184553494,0.35240274599542337,0.1016949152542373,0.5454545454545454,0.17142857142857146,1.0,,,6.0,270.51,20.0,5410.26,100.0,59,220,0.33333333333333337,3,0.4875689181208902,5152.255058288574
HARD-032,codex_cli,hard,1.0,1.0,1.0,1.0,0.16704805491990848,0.23416506717850288,0.08333333333333333,0.0305327875457333,0.2840690978886756,0.05405405405405406,0.4444444444444444,0.0963855421686747,1.0,,,5.0,370.88,18.91,7011.97,93.17537347403348,74,229,0.33333333333333337,3,0.35788474289027644,5573.2221603393555
MED-019,codex_cli,medium,1.0,1.0,1.0,1.0,0.504424778761062,0.5502645502645502,0.21052631578947367,0.1431712316568067,0.603174603174603,0.23529411764705882,0.4444444444444444,0.30769230769230765,1.0,,,2.0,38.04,2.25,85.59,100.0,17,77,0.6666666666666667,2,0.9879879879879879,2920.6600189208984
HARD-012,codex_cli,hard,0.33333333333333326,0.0,0.0,0.3333333333333333,0.11250000000000004,0.1829652996845426,0.07692307692307693,0.025297652157199778,0.19873817034700314,0.0449438202247191,0.4444444444444444,0.08163265306122448,0.0,,,,0.0,0.0,0.0,,89,324,0.33333333333333337,3,0.5138531452043914,5468.55
HARD-004,codex_cli,hard,1.0,0.0,0.0,1.0,0.10500807754442654,0.15827338129496402,0.1016949152542373,0.037714989462802544,0.18705035971223022,0.05128205128205128,0.5454545454545454,0.09374999999999999,0.0,,,,0.0,0.0,0.0,,117,356,1.0,1,1.0,6128.87
EASY-002,codex_cli,easy,1.0,0.0,0.0,1.0,0.19512195121951215,0.29493087557603687,0.16,2.9817921627477883e-06,0.3133640552995392,0.17391304347826086,0.36363636363636365,0.2352941176470588,0.0,,,,0.0,0.0,0.0,,23,110,0.6666666666666667,2,0.9349593495934959,2682.19
HARD-028,codex_cli,hard,1.0,1.0,1.0,1.0,0.218562874251497,0.302158273381295,0.12903225806451613,0.05335343837178677,0.3501199040767386,0.09302325581395349,0.4444444444444444,0.15384615384615385,1.0,,,3.0,170.97,9.86,1686.36,100.0,43,233,0.33333333333333337,3,0.8668361894373655,3809.741973876953
MED-003,codex_cli,medium,1.0,0.0,0.0,1.0,0.34015345268542196,0.0943952802359882,0.17857142857142858,0.05582731091776075,0.45427728613569324,0.35714285714285715,0.2727272727272727,0.3092783505154639,0.0,,,,0.0,0.0,0.0,,42,271,0.6666666666666667,2,0.9410543794105438,4039.09
MED-015,codex_cli,medium,1.0,0.0,0.0,1.0,0.31759656652360513,0.422360248447205,0.15789473684210525,0.11620839913164811,0.4596273291925465,0.15384615384615385,0.5454545454545454,0.24000000000000002,0.0,,,,0.0,0.0,0.0,,39,151,0.33333333333333337,3,0.6272632871232594,10044.44
HARD-035,codex_cli,hard,1.0,1.0,1.0,1.0,0.2549019607843137,0.33532934131736525,0.15,0.08143605182942298,0.3892215568862276,0.10909090909090909,0.5454545454545454,0.1818181818181818,1.0,,,4.0,230.7,14.67,3383.62,100.0,55,158,0.33333333333333337,3,0.6586072318615696,3853.260040283203
CODEGEN-E003,codex_cli,medium,1.0,0.0,0.0,1.0,0.21602787456445993,0.3021978021978022,0.17647058823529413,0.08627614361220859,0.34065934065934067,0.11538461538461539,0.5454545454545454,0.19047619047619047,0.0,,,,0.0,0.0,0.0,,52,149,0.6666666666666667,2,0.9379844961240309,3610.04
HARD-023,codex_cli,hard,1.0,1.0,1.0,1.0,0.3602150537634409,0.4312267657992565,0.16666666666666666,0.09429254748237108,0.5055762081784386,0.16,0.4444444444444444,0.23529411764705882,1.0,,,2.0,88.81,5.62,499.56,100.0,25,142,0.33333333333333337,3,0.8170435732999018,6121.479034423828
MED-008,codex_cli,medium,1.0,0.0,0.0,1.0,0.33757961783439494,0.38596491228070173,0.3076923076923077,3.6275382719995823e-06,0.47017543859649125,0.36363636363636365,0.4444444444444444,0.39999999999999997,0.0,,,,0.0,0.0,0.0,,22,116,1.0,1,1.0,4253.71
EASY-009,codex_cli,easy,1.0,0.0,0.0,1.0,0.22352941176470587,0.4473684210526316,0.2222222222222222,2.4925978680787537e-06,0.4605263157894737,0.4444444444444444,0.26666666666666666,0.33333333333333337,0.0,,,,0.0,0.0,0.0,,9,55,1.0,1,1.0,2940.08
MED-024,codex_cli,medium,1.0,1.0,1.0,1.0,0.25193798449612403,0.3323442136498516,0.11764705882352941,0.06066858206200528,0.3976261127596439,0.10526315789473684,0.4444444444444444,0.1702127659574468,1.0,,,3.0,155.59,12.5,1944.87,100.0,38,159,1.0,1,1.0,3402.212142944336
HARD-019,codex_cli,hard,1.0,1.0,1.0,1.0,0.09814323607427056,0.13925570228091236,0.07407407407407407,0.02749785546283997,0.17767106842737096,0.04878048780487805,0.4444444444444444,0.08791208791208792,1.0,,,5.0,475.0,17.55,8335.12,86.30535510635988,82,443,0.33333333333333337,3,0.9095356623212071,5112.849950790405
MED-012,codex_cli,medium,1.0,0.0,0.0,1.0,0.1737804878048781,0.22556390977443608,0.08163265306122448,0.04383973401555817,0.2857142857142857,0.07692307692307693,0.4444444444444444,0.1311475409836066,0.0,,,,0.0,0.0,0.0,,52,219,0.33333333333333337,3,0.647762075200177,3495.96
CODEGEN-H001,codex_cli,hard,1.0,0.0,0.0,1.0,0.1851063829787234,0.24866785079928952,0.08888888888888889,0.03850056383603226,0.30905861456483125,0.06779661016949153,0.4444444444444444,0.1176470588235294,0.0,,,,0.0,0.0,0.0,,59,263,0.33333333333333337,3,0.6559062770998084,3511.93
MED-004,codex_cli,medium,1.0,0.0,0.0,1.0,0.3214285714285714,0.04885057471264368,0.12121212121212122,2.1813549723416546e-08,0.4971264367816092,0.22641509433962265,0.2857142857142857,0.25263157894736843,0.0,,,,0.0,0.0,0.0,,53,230,0.33333333333333337,3,0.4547832919019729,4404.72
EASY-005,codex_cli,easy,1.0,0.0,0.0,1.0,0.15962441314553988,0.24334600760456274,0.1,1.843049403544504e-08,0.2737642585551331,0.11538461538461539,0.2727272727272727,0.16216216216216214,0.0,,,,0.0,0.0,0.0,,26,140,1.0,1,1.0,2638.67
MED-028,codex_cli,medium,1.0,1.0,1.0,1.0,0.6493506493506493,0.723404255319149,0.2857142857142857,0.29847458970855756,0.7234042553191489,0.4444444444444444,0.4444444444444444,0.4444444444444444,1.0,,,1.0,28.53,2.0,57.06,100.0,9,52,1.0,1,1.0,4387.805938720703
CODEGEN-M002,codex_cli,medium,1.0,0.0,0.0,1.0,0.32105263157894737,0.4,0.15384615384615385,0.08359764109719393,0.46037735849056605,0.14285714285714285,0.4444444444444444,0.21621621621621623,0.0,,,,0.0,0.0,0.0,,28,135,0.33333333333333337,3,0.7485594720746821,4171.25
HARD-003,codex_cli,hard,1.0,0.0,0.0,1.0,0.08013172338090013,0.1214574898785425,0.08955223880597014,0.035271706043037886,0.14777327935222673,0.048,0.5454545454545454,0.08823529411764705,0.0,,,,0.0,0.0,0.0,,125,551,0.33333333333333337,3,0.5890129630044375,5523.25
HARD-015,codex_cli,hard,1.0,0.0,0.0,1.0,0.14885496183206104,0.21018062397372742,0.09302325581395349,0.032316186098224176,0.25615763546798026,0.05714285714285714,0.4444444444444444,0.10126582278481011,0.0,,,,0.0,0.0,0.0,,70,315,0.33333333333333337,3,0.8920388318171716,4510.67
CODEGEN-001,codex_cli,easy,1.0,0.0,0.0,1.0,0.3220338983050848,0.45,0.1875,0.14291173584329075,0.47500000000000003,0.1875,0.5454545454545454,0.27906976744186046,0.0,,,,0.0,0.0,0.0,,32,161,0.6666666666666667,2,0.9725651577503429,4053.43
EASY-013,codex_cli,easy,1.0,0.0,0.0,1.0,0.2097902097902098,0.3564356435643564,0.15384615384615385,2.519921896089644e-06,0.36633663366336633,0.125,0.5714285714285714,0.20512820512820512,1.0,0.23333333333333334,0.3855421686746988,3.0,116.0,7.78,902.22,100.0,32,80,0.33333333333333337,3,0.9624437061646365,4137.09
EASY-012,codex_cli,easy,1.0,0.0,0.0,1.0,0.2222222222222222,0.299625468164794,0.24242424242424243,2.0904987330673125e-06,0.40449438202247195,0.4,0.25,0.3076923076923077,0.0,,,,0.0,0.0,0.0,,20,96,0.6666666666666667,2,0.8582202111613876,2501.69
HARD-014,codex_cli,hard,1.0,0.0,0.0,1.0,0.16165413533834583,0.2176,0.10204081632653061,0.03519816827555347,0.27519999999999994,0.07352941176470588,0.5555555555555556,0.12987012987012989,0.0,,,,0.0,0.0,0.0,,68,361,0.33333333333333337,3,0.6180237216342281,4048.94
MED-029,codex_cli,medium,1.0,1.0,1.0,1.0,0.25850340136054417,0.3333333333333333,0.14705882352941177,0.06787181513253632,0.40211640211640215,0.1388888888888889,0.5555555555555556,0.22222222222222227,1.0,,,4.0,157.17,10.8,1697.47,100.0,36,200,0.6666666666666667,2,0.8351001177856302,4824.198007583618
CODEGEN-M003,codex_cli,medium,1.0,0.0,0.0,1.0,0.22868217054263562,0.3151515151515151,0.12121212121212122,0.07030983753944739,0.3636363636363636,0.12121212121212122,0.4444444444444444,0.19047619047619047,0.0,,,,0.0,0.0,0.0,,33,179,0.6666666666666667,2,0.996101364522417,3945.69
HARD-002,codex_cli,hard,1.0,0.0,0.0,1.0,0.1938461538461539,0.28211586901763225,0.13333333333333333,0.08055259313161306,0.31738035264483627,0.13793103448275862,0.4444444444444444,0.21052631578947367,0.0,,,,0.0,0.0,0.0,,29,215,0.33333333333333337,3,0.8578285992759677,5112.25
EASY-004,codex_cli,easy,1.0,0.0,0.0,1.0,0.275,0.43795620437956206,0.15789473684210525,2.28524171142318e-08,0.45255474452554745,0.2727272727272727,0.2727272727272727,0.2727272727272727,0.0,,,,0.0,0.0,0.0,,11,66,1.0,1,1.0,3825.46
MED-005,codex_cli,medium,1.0,0.0,0.0,1.0,0.35103926096997695,0.2161339421613394,0.25,0.00033573716595463444,0.502283105022831,0.18181818181818182,0.5,0.26666666666666666,0.0,,,,0.0,0.0,0.0,,55,276,0.6666666666666667,2,0.7180327868852459,4101.94
HARD-038,codex_cli,hard,1.0,1.0,1.0,1.0,0.2006369426751592,0.26424870466321243,0.11764705882352941,0.04866005455185134,0.32642487046632124,0.0851063829787234,0.4444444444444444,0.14285714285714285,1.0,,,4.0,196.21,10.73,2105.54,100.0,47,189,0.6666666666666667,2,0.9744408945686901,3843.9390659332275
MED-013,codex_cli,medium,1.0,0.0,0.0,1.0,0.17136150234741787,0.24361493123772102,0.13636363636363635,0.07083897926853644,0.2868369351669941,0.09523809523809523,0.5454545454545454,0.16216216216216217,0.0,,,,0.0,0.0,0.0,,63,265,0.6666666666666667,2,0.6713910761154857,4265.81
HARD-018,codex_cli,hard,1.0,1.0,1.0,1.0,0.21148825065274146,0.30736842105263157,0.13636363636363635,0.0785002053386808,0.3410526315789474,0.10526315789473684,0.5454545454545454,0.1764705882352941,1.0,,,7.0,269.21,16.03,4316.36,97.52143420102124,57,228,1.0,1,1.0,4650.533676147461
MED-025,codex_cli,medium,1.0,1.0,1.0,1.0,0.25538461538461543,0.3380952380952381,0.2,0.13521024602912343,0.3952380952380953,0.2,0.5384615384615384,0.2916666666666667,1.0,,,4.0,143.06,5.42,774.91,100.0,35,231,0.33333333333333337,3,0.8063934280003614,4431.301116943359
EASY-008,codex_cli,easy,1.0,0.0,0.0,1.0,0.527027027027027,0.631578947368421,0.3333333333333333,4.854917718317301e-06,0.6466165413533834,0.4444444444444444,0.5714285714285714,0.5,1.0,0.5833333333333334,0.752542372881356,1.0,41.21,2.8,115.39,100.0,9,62,0.6666666666666667,2,0.9423868312757202,3163.03
HARD-022,codex_cli,hard,1.0,1.0,1.0,1.0,0.1428571428571429,0.21030927835051547,0.10638297872340426,0.03519816827555347,0.24329896907216494,0.07352941176470588,0.5555555555555556,0.12987012987012989,1.0,,,7.0,300.83,18.43,5543.83,95.82829422828942,68,230,0.6666666666666667,2,0.9190314037079078,4434.159278869629
MED-009,codex_cli,medium,1.0,0.0,0.0,1.0,0.3463414634146341,0.07307171853856563,0.12,1.9343364206130858e-08,0.49255751014884974,0.14,0.20588235294117646,0.16666666666666666,0.0,,,,0.0,0.0,0.0,,50,198,1.0,1,1.0,4044.11
CODEGEN-E002,codex_cli,medium,1.0,0.0,0.0,1.0,0.1542168674698795,0.21721311475409835,0.1,0.034861528072136,0.2622950819672131,0.06153846153846154,0.4444444444444444,0.10810810810810811,0.0,,,,0.0,0.0,0.0,,65,245,1.0,1,1.0,4199.04
HARD-034,codex_cli,hard,1.0,1.0,1.0,1.0,0.34013605442176875,0.43119266055045874,0.14285714285714285,0.07261813313865743,0.46788990825688076,0.125,0.4444444444444444,0.1951219512195122,1.0,,,3.0,116.0,7.78,902.22,100.0,32,84,1.0,1,1.0,3101.090908050537
MED-026,gemini_cli,medium,1.0,0.0,0.0,1.0,0.4580152671755725,0.5566037735849056,0.24,0.22374677087694028,0.5943396226415095,0.2857142857142857,0.5454545454545454,0.37499999999999994,0.0,,,,0.0,0.0,0.0,,21,95,0.6666666666666667,2,0.7906976744186046,11244.07
HARD-021,gemini_cli,hard,1.0,0.0,0.0,1.0,0.07564422277639238,0.122007722007722,0.0603448275862069,0.026708658166757118,0.14054054054054055,0.04093567251461988,0.6363636363636364,0.07692307692307693,0.0,,,,0.0,0.0,0.0,,171,848,0.33333333333333337,3,0.29564109547411926,15916.61
CODEGEN-E001,gemini_cli,medium,1.0,0.0,0.0,1.0,0.07280334728033477,0.11370716510903427,0.06363636363636363,0.02564934789056064,0.1355140186915888,0.03932584269662921,0.6363636363636364,0.07407407407407407,0.0,,,,0.0,0.0,0.0,,178,773,0.33333333333333337,3,0.5917331455711093,49510.3
HARD-037,gemini_cli,hard,1.0,0.0,0.0,1.0,0.23008849557522126,0.29577464788732394,0.17142857142857143,0.1001682050529108,0.36619718309859156,0.13333333333333333,0.5454545454545454,0.2142857142857143,0.0,,,,0.0,0.0,0.0,,45,226,0.33333333333333337,3,0.9040192544057973,11221.89
EASY-011,gemini_cli,easy,1.0,0.0,0.0,1.0,0.1597633136094675,0.23665893271461716,0.12903225806451613,1.7782794104834934e-08,0.27842227378190254,0.1,0.2857142857142857,0.14814814814814817,0.0,,,,0.0,0.0,0.0,,40,230,0.33333333333333337,3,0.3326030198700544,13172.92
CODEGEN-003,gemini_cli,easy,1.0,0.0,0.0,1.0,0.16332378223495703,0.2158273381294964,0.10810810810810811,0.04761298957503565,0.27338129496402874,0.08333333333333333,0.4444444444444444,0.14035087719298245,0.0,,,,0.0,0.0,0.0,,48,210,0.6666666666666667,2,0.9867424242424242,10420.34
HARD-017,gemini_cli,hard,1.0,0.0,0.0,1.0,0.09750297265160524,0.1491891891891892,0.06666666666666667,0.020804114822688815,0.17729729729729732,0.043859649122807015,0.5555555555555556,0.08130081300813007,0.0,,,,0.0,0.0,0.0,,114,533,0.33333333333333337,3,0.3706439334335003,10877.92
HARD-001,gemini_cli,hard,1.0,0.0,0.0,1.0,0.2119565217391305,0.2687224669603524,0.11428571428571428,0.046610049025533395,0.3436123348017621,0.08163265306122448,0.4444444444444444,0.13793103448275862,0.0,,,,0.0,0.0,0.0,,49,253,0.33333333333333337,3,0.6786123517148979,11433.86
EASY-007,gemini_cli,easy,1.0,0.0,0.0,1.0,0.21518987341772156,0.3317972350230415,0.16,2.6970223741932025e-06,0.37788018433179726,0.14285714285714285,0.5714285714285714,0.2285714285714286,0.0,,,,0.0,0.0,0.0,,28,99,0.33333333333333337,3,0.7357861900639775,10946.6
MED-006,gemini_cli,medium,1.0,0.0,0.0,1.0,0.2616033755274262,0.13530655391120508,0.15384615384615385,2.1626538637832125e-08,0.4651162790697674,0.21875,0.3181818181818182,0.25925925925925924,0.0,,,,0.0,0.0,0.0,,32,161,0.6666666666666667,2,0.99442119944212,10635.55
CODEGEN-H003,gemini_cli,hard,1.0,0.0,0.0,1.0,0.04472106961733513,0.07851786501985002,0.05660377358490566,0.018364244825771574,0.08557565063961184,0.03409090909090909,0.8181818181818182,0.06545454545454546,0.0,,,,0.0,0.0,0.0,,264,1466,0.33333333333333337,3,0.3185371485678438,34568.68
MED-010,gemini_cli,medium,1.0,0.0,0.0,1.0,0.32754342431761785,0.10015649452269171,0.21739130434782608,3.0603689540669683e-06,0.4726134585289514,0.3333333333333333,0.40625,0.36619718309859156,0.0,,,,0.0,0.0,0.0,,39,270,0.33333333333333337,3,0.6157450651044065,33941.2
MED-011,gemini_cli,medium,1.0,0.0,0.0,1.0,0.07360157016683022,0.10737033666969972,0.10416666666666667,0.02099071749082465,0.1364877161055505,0.04424778761061947,0.5555555555555556,0.0819672131147541,0.0,,,,0.0,0.0,0.0,,113,541,0.33333333333333337,3,0.5680406007502866,13452.06
CODEGEN-H002,gemini_cli,hard,1.0,0.0,0.0,1.0,0.14730290456431538,0.18571428571428572,0.1,0.04375436639345603,0.25357142857142856,0.09090909090909091,0.5555555555555556,0.15625,0.0,,,,0.0,0.0,0.0,,55,338,0.33333333333333337,3,0.797656672135366,10843.31
MED-007,gemini_cli,medium,1.0,0.0,0.0,1.0,0.15671641791044777,0.1392757660167131,0.0967741935483871,5.927491261397343e-09,0.2785515320334262,0.23076923076923078,0.1,0.13953488372093023,0.0,,,,0.0,0.0,0.0,,13,75,0.33333333333333337,3,0.7116552624877812,11266.11
EASY-006,gemini_cli,easy,1.0,0.0,0.0,1.0,0.4769230769230769,0.6101694915254238,0.45454545454545453,0.31559845402149095,0.6101694915254237,0.5555555555555556,0.7142857142857143,0.6250000000000001,0.0,,,,0.0,0.0,0.0,,9,53,1.0,1,1.0,10584.11
CODEGEN-M001,gemini_cli,medium,1.0,0.0,0.0,1.0,0.06422018348623848,0.10493343774471417,0.07228915662650602,0.015357679892903852,0.12059514487079091,0.037267080745341616,0.6666666666666666,0.07058823529411765,0.0,,,,0.0,0.0,0.0,,161,760,0.33333333333333337,3,0.6847347688259336,17186.08
HARD-016,gemini_cli,hard,1.0,0.0,0.0,1.0,0.09001406469760898,0.11296534017971759,0.09090909090909091,0.022937952577157174,0.1643132220795892,0.04081632653061224,0.4444444444444444,0.07476635514018691,0.0,,,,0.0,0.0,0.0,,98,356,0.5,2,0.18992568125516102,84274.94
CODEGEN-002,gemini_cli,easy,1.0,0.0,0.0,1.0,0.09517045454545459,0.15958815958815958,0.06756756756756757,0.026749010420562415,0.17245817245817247,0.056179775280898875,0.5555555555555556,0.1020408163265306,0.0,,,,0.0,0.0,0.0,,89,565,0.33333333333333337,3,0.4614443964897137,14027.41
EASY-010,gemini_cli,easy,1.0,0.0,0.0,1.0,0.3529411764705882,0.44285714285714284,0.18181818181818182,3.682562977708711e-06,0.4857142857142857,0.26666666666666666,0.47058823529411764,0.3404255319148936,1.0,0.4727272727272727,0.47530864197530864,4.0,133.98,6.95,931.77,100.0,30,117,0.33333333333333337,3,0.7285902861421355,11774.36
HARD-036,gemini_cli,hard,1.0,0.0,0.0,1.0,0.137987012987013,0.17045454545454544,0.09859154929577464,0.050585165865646854,0.24147727272727273,0.07692307692307693,0.6363636363636364,0.1372549019607843,0.0,,,,0.0,0.0,0.0,,91,401,0.33333333333333337,3,0.7160939512070478,11619.95
HARD-020,gemini_cli,hard,0.0,0.0,0.0,0.0,0.08860759493670889,0.12009237875288684,0.060240963855421686,0.01879872859054535,0.16166281755196305,0.03968253968253968,0.5555555555555556,0.07407407407407407,0.0,,,,0.0,0.0,0.0,,126,510,0.33333333333333337,3,0.9710528229548615,11891.51
MED-027,gemini_cli,medium,0.33333333333333326,0.0,0.0,0.3333333333333333,0.24347826086956526,0.3122923588039867,0.14285714285714285,0.08688218218115065,0.37209302325581395,0.14814814814814814,0.4444444444444444,0.2222222222222222,0.0,,,,0.0,0.0,0.0,,27,156,0.33333333333333337,3,0.29826138277261716,12512.18
EASY-017,gemini_cli,easy,1.0,0.0,0.0,1.0,0.2421052631578947,0.40789473684210525,0.2,3.2030896854698365e-06,0.40789473684210525,0.2,0.5714285714285714,0.29629629629629634,0.0,,,,0.0,0.0,0.0,,20,60,0.33333333333333337,3,0.40474097850652563,10768.45
CODEGEN-005,gemini_cli,medium,1.0,0.0,0.0,1.0,0.14051522248243564,0.19797979797979798,0.10638297872340426,0.04458815760331642,0.2424242424242424,0.09259259259259259,0.5555555555555556,0.15873015873015875,0.0,,,,0.0,0.0,0.0,,54,272,0.33333333333333337,3,0.7923842979626533,9895.34
HARD-011,gemini_cli,hard,1.0,0.0,0.0,1.0,0.23511904761904767,0.3073286052009456,0.15789473684210525,0.1075935381430648,0.37352245862884165,0.14285714285714285,0.5454545454545454,0.22641509433962262,0.0,,,,0.0,0.0,0.0,,42,243,0.33333333333333337,3,0.7963188247150862,11074.39
HARD-007,gemini_cli,hard,1.0,0.0,0.0,1.0,0.03387030152829407,0.05591054313099041,0.03535353535353535,0.012251799237494731,0.06549520766773163,0.018867924528301886,0.6363636363636364,0.03664921465968586,0.0,,,,0.0,0.0,0.0,,371,1768,0.33333333333333337,3,0.24442770277154902,28014.73
EASY-001,gemini_cli,easy,1.0,0.0,0.0,1.0,0.4328358208955224,0.5217391304347826,0.25,0.0008987832660089816,0.5391304347826088,0.4444444444444444,0.36363636363636365,0.39999999999999997,0.0,,,,0.0,0.0,0.0,,9,55,0.6666666666666667,2,0.6065239551478084,9527.89
CODEGEN-H005,gemini_cli,hard,1.0,0.0,0.0,1.0,0.10069790628115649,0.15356820234869015,0.07058823529411765,0.031003666269331674,0.18247515808491419,0.04225352112676056,0.5454545454545454,0.0784313725490196,0.0,,,,0.0,0.0,0.0,,142,668,0.33333333333333337,3,0.6851695239101167,55356.34
MED-016,gemini_cli,medium,1.0,0.0,0.0,1.0,0.2425373134328358,0.3170028818443804,0.13793103448275862,0.06237923072876573,0.3746397694524496,0.10810810810810811,0.4444444444444444,0.17391304347826086,0.0,,,,0.0,0.0,0.0,,37,156,0.33333333333333337,3,0.7225874457544853,10862.53
MED-020,gemini_cli,medium,1.0,0.0,0.0,1.0,0.3458646616541353,0.4158415841584158,0.15384615384615385,0.09849349480133396,0.4653465346534653,0.16666666666666666,0.4444444444444444,0.24242424242424243,0.0,,,,0.0,0.0,0.0,,24,82,0.6666666666666667,2,0.9622641509433962,10244.81
HARD-027,gemini_cli,hard,1.0,0.0,0.0,1.0,0.1515151515151515,0.19826086956521738,0.1,0.046610049025533395,0.2608695652173913,0.08163265306122448,0.4444444444444444,0.13793103448275862,0.0,,,,0.0,0.0,0.0,,49,354,0.33333333333333337,3,0.9918595275664105,11993.21
HARD-031,gemini_cli,hard,1.0,0.0,0.0,1.0,0.2025,0.2868686868686869,0.11538461538461539,0.06359792033404764,0.3313131313131313,0.08571428571428572,0.5454545454545454,0.14814814814814814,0.0,,,,0.0,0.0,0.0,,70,244,0.6666666666666667,2,0.8452639190166306,12226.4
HARD-030,gemini_cli,hard,1.0,0.0,0.0,1.0,0.07838745800671898,0.12020725388601036,0.05747126436781609,0.017272524049974848,0.14507772020725387,0.0364963503649635,0.5555555555555556,0.0684931506849315,0.0,,,,0.0,0.0,0.0,,137,611,0.33333333333333337,3,0.3202494353293741,17021.31
HARD-026,gemini_cli,hard,1.0,0.0,0.0,1.0,0.13749999999999996,0.19937694704049844,0.10204081632653061,0.03519816827555347,0.23987538940809972,0.07352941176470588,0.5555555555555556,0.12987012987012989,0.0,,,,0.0,0.0,0.0,,68,364,0.33333333333333337,3,0.5064405418453389,12927.58
MED-021,gemini_cli,medium,1.0,0.0,0.0,1.0,0.2920792079207921,0.4,0.15384615384615385,0.09849349480133396,0.4285714285714286,0.16666666666666666,0.4444444444444444,0.24242424242424243,0.0,,,,0.0,0.0,0.0,,24,147,0.33333333333333337,3,0.7006375301878949,11574.61
MED-017,gemini_cli,medium,1.0,0.0,0.0,1.0,0.11387163561076608,0.15664845173041894,0.08,0.026195948229897445,0.20036429872495448,0.046511627906976744,0.4444444444444444,0.08421052631578947,1.0,,,8.0,433.82,26.35,11432.38,88.24908931666448,86,272,0.33333333333333337,3,0.5924203170876662,34036.17
CODEGEN-H004,gemini_cli,hard,1.0,0.0,0.0,1.0,0.1428571428571429,0.1748148148148148,0.08695652173913043,0.05217087094305801,0.24888888888888885,0.07058823529411765,0.5454545454545454,0.125,0.0,,,,0.0,0.0,0.0,,85,380,0.33333333333333337,3,0.7997856850331769,15361.2
MED-001,gemini_cli,medium,1.0,0.0,0.0,1.0,0.15759312320916907,0.06926406926406926,0.1,3.609408975747274e-09,0.2813852813852814,0.2857142857142857,0.1,0.14814814814814817,0.0,,,,0.0,0.0,0.0,,14,92,0.33333333333333337,3,0.6125241959246793,13859.39
HARD-006,gemini_cli,hard,0.0,0.0,0.0,0.0,0.08991494532199273,0.11333333333333333,0.04878048780487805,0.01806902895311241,0.16444444444444445,0.03225806451612903,0.4444444444444444,0.06015037593984962,0.0,,,,0.0,0.0,0.0,,124,524,0.33333333333333337,3,0.5367655317573384,49416.58
HARD-010,gemini_cli,hard,1.0,0.0,0.0,1.0,0.10215053763440862,0.15254237288135594,0.09333333333333334,0.039887565859347926,0.18401937046004843,0.06086956521739131,0.6363636363636364,0.1111111111111111,0.0,,,,0.0,0.0,0.0,,115,425,0.33333333333333337,3,0.22361740872476976,10332.18
CODEGEN-004,gemini_cli,medium,1.0,0.0,0.0,1.0,0.27064220183486243,0.3412969283276451,0.13333333333333333,0.07261813313865743,0.4095563139931741,0.125,0.4444444444444444,0.1951219512195122,0.0,,,,0.0,0.0,0.0,,32,147,0.33333333333333337,3,0.6479048513932235,10410.46
EASY-016,gemini_cli,easy,1.0,0.0,0.0,1.0,0.8313253012048193,0.9078947368421053,0.8461538461538461,0.8242367503646274,0.9078947368421052,0.8461538461538461,1.0,0.9166666666666666,0.0,,,,0.0,0.0,0.0,,13,67,1.0,1,1.0,8933.2
MED-014,gemini_cli,medium,1.0,0.0,0.0,1.0,0.2095588235294118,0.27325581395348836,0.11764705882352941,0.0508987453727956,0.33720930232558144,0.08888888888888889,0.4444444444444444,0.14814814814814814,0.0,,,,0.0,0.0,0.0,,45,162,0.33333333333333337,3,0.7237170797825211,17990.69
HARD-029,gemini_cli,hard,1.0,0.0,0.0,1.0,0.11074918566775249,0.1683599419448476,0.07692307692307693,0.024005140733202007,0.19738751814223512,0.050505050505050504,0.5555555555555556,0.09259259259259259,0.0,,,,0.0,0.0,0.0,,99,416,0.33333333333333337,3,0.24843427679120858,12234.38
MED-002,gemini_cli,medium,1.0,0.0,0.0,1.0,0.32797427652733124,0.0858085808580858,0.11538461538461539,1.4590683199255315e-08,0.5082508250825083,0.23529411764705882,0.16666666666666666,0.19512195121951217,0.0,,,,0.0,0.0,0.0,,34,189,0.6666666666666667,2,0.6633663366336634,10821.62
EASY-003,gemini_cli,easy,1.0,0.0,0.0,1.0,0.17796610169491522,0.2698961937716263,0.17647058823529413,0.0004091032659761106,0.2906574394463668,0.16666666666666666,0.5454545454545454,0.2553191489361702,0.0,,,,0.0,0.0,0.0,,36,157,0.6666666666666667,2,0.654690618762475,11036.94
HARD-005,gemini_cli,hard,1.0,0.0,0.0,1.0,0.09428129829984544,0.12569832402234637,0.10526315789473684,0.03139918083557177,0.17039106145251398,0.05555555555555555,0.4444444444444444,0.09876543209876543,0.0,,,,0.0,0.0,0.0,,72,382,0.33333333333333337,3,0.9391823139506991,13173.87
HARD-013,gemini_cli,hard,1.0,0.0,0.0,1.0,0.05747126436781613,0.09968051118210862,0.051094890510948905,0.020255372360530377,0.10862619808306709,0.03111111111111111,0.6363636363636364,0.059322033898305086,0.0,,,,0.0,0.0,0.0,,225,1080,0.33333333333333337,3,0.2945549448868284,35790.91
EASY-015,gemini_cli,easy,1.0,0.0,0.0,1.0,0.2314814814814815,0.2961165048543689,0.15,0.00036330554603884464,0.37378640776699035,0.14285714285714285,0.5454545454545454,0.22641509433962262,0.0,,,,0.0,0.0,0.0,,42,240,0.33333333333333337,3,0.6991262751179989,9788.58
HARD-033,gemini_cli,hard,1.0,0.0,0.0,1.0,0.1623762376237624,0.19932432432432431,0.1044776119402985,0.05694926828920919,0.2770270270270271,0.08641975308641975,0.6363636363636364,0.15217391304347824,0.0,,,,0.0,0.0,0.0,,81,340,0.33333333333333337,3,0.45073925544645627,11353.16
MED-018,gemini_cli,medium,1.0,0.0,0.0,1.0,0.17948717948717952,0.22535211267605634,0.09302325581395349,0.04383973401555817,0.295774647887324,0.07692307692307693,0.4444444444444444,0.1311475409836066,0.0,,,,0.0,0.0,0.0,,52,210,0.33333333333333337,3,0.609498785748274,11515.58
HARD-025,gemini_cli,hard,1.0,0.0,0.0,1.0,0.058741258741258795,0.09504950495049505,0.059322033898305086,0.018668318334134144,0.11089108910891088,0.028688524590163935,0.6363636363636364,0.054901960784313725,0.0,,,,0.0,0.0,0.0,,244,913,0.33333333333333337,3,0.3526059417743899,66929.88
MED-022,gemini_cli,medium,1.0,0.0,0.0,1.0,0.1548387096774193,0.22586520947176686,0.1276595744680851,0.05280336061261829,0.2622950819672131,0.07142857142857142,0.5454545454545454,0.1263157894736842,0.0,,,,0.0,0.0,0.0,,84,292,0.33333333333333337,3,0.6654898266605895,27691.93
HARD-009,gemini_cli,hard,0.6666666666666666,0.0,0.0,0.6666666666666666,0.16945107398568016,0.26,0.10256410256410256,0.049754222276801464,0.288,0.08695652173913043,0.4444444444444444,0.14545454545454548,0.0,,,,0.0,0.0,0.0,,46,256,0.33333333333333337,3,0.364166344876222,26027.24
MED-023,gemini_cli,medium,1.0,0.0,0.0,1.0,0.17342342342342343,0.23908918406072105,0.12195121951219512,0.04001324627674235,0.29222011385199237,0.08333333333333333,0.5555555555555556,0.14492753623188404,0.0,,,,0.0,0.0,0.0,,60,314,0.33333333333333337,3,0.6520972585488715,14151.8
HARD-008,gemini_cli,hard,1.0,0.0,0.0,1.0,0.08870967741935487,0.14149947201689547,0.06862745098039216,0.030902053994794357,0.16261879619852165,0.0472972972972973,0.6363636363636364,0.08805031446540881,0.0,,,,0.0,0.0,0.0,,148,553,0.33333333333333337,3,0.5503507816191034,13381.02
HARD-024,gemini_cli,hard,1.0,0.0,0.0,1.0,0.15966386554621848,0.24113475177304963,0.109375,0.060772200845315524,0.2695035460992908,0.09210526315789473,0.6363636363636364,0.16091954022988506,0.0,,,,0.0,0.0,0.0,,76,337,0.33333333333333337,3,0.6236138633044992,32842.76
HARD-032,gemini_cli,hard,1.0,0.0,0.0,1.0,0.07497741644083111,0.12930310663308145,0.05555555555555555,0.014141394225865767,0.13937867338371118,0.029940119760479042,0.5555555555555556,0.05681818181818182,0.0,,,,0.0,0.0,0.0,,167,713,0.33333333333333337,3,0.2488959948657555,24492.99
MED-019,gemini_cli,medium,1.0,0.0,0.0,1.0,0.20543806646525675,0.23587223587223588,0.09523809523809523,0.04761298957503565,0.3341523341523342,0.08333333333333333,0.4444444444444444,0.14035087719298245,0.0,,,,0.0,0.0,0.0,,48,226,0.33333333333333337,3,0.5598464708408766,11183.23
EASY-014,gemini_cli,easy,1.0,0.0,0.0,1.0,0.3681592039800995,0.13445378151260504,0.21212121212121213,3.114727941292595e-06,0.4985994397759103,0.3333333333333333,0.2916666666666667,0.3111111111111111,0.0,,,,0.0,0.0,0.0,,21,108,0.33333333333333337,3,0.8983901334009047,10102.35
HARD-012,gemini_cli,hard,1.0,0.0,0.0,1.0,0.1116838487972509,0.1798780487804878,0.09803921568627451,0.02644671319029433,0.19817073170731708,0.05555555555555555,0.5555555555555556,0.101010101010101,0.0,,,,0.0,0.0,0.0,,90,341,0.6666666666666667,2,0.9699207000273448,12701.64
HARD-004,gemini_cli,hard,1.0,0.0,0.0,1.0,0.012130885873902653,0.023340167166062135,0.047619047619047616,0.004618349871090288,0.023970982494874626,0.007881773399014778,0.7272727272727273,0.015594541910331383,0.0,,,,0.0,0.0,0.0,,1015,4147,0.33333333333333337,3,0.08404726902791781,24183.88
EASY-002,gemini_cli,easy,1.0,0.0,0.0,1.0,0.19999999999999996,0.3004694835680751,0.16,2.9817921627477883e-06,0.30985915492957744,0.17391304347826086,0.36363636363636365,0.2352941176470588,0.0,,,,0.0,0.0,0.0,,23,106,0.6666666666666667,2,0.6916299559471365,10459.4
HARD-028,gemini_cli,hard,0.6666666666666666,0.0,0.0,0.6666666666666666,0.09585798816568047,0.16379310344827586,0.0684931506849315,0.020620800790260668,0.17456896551724135,0.043478260869565216,0.5555555555555556,0.08064516129032258,0.0,,,,0.0,0.0,0.0,,115,604,0.33333333333333337,3,0.3451956657483686,17679.93
MED-003,gemini_cli,medium,1.0,0.0,0.0,1.0,0.22025316455696198,0.057567316620241414,0.1282051282051282,0.03808427111687067,0.33983286908078,0.1728395061728395,0.2545454545454545,0.20588235294117646,0.0,,,,0.0,0.0,0.0,,81,593,0.33333333333333337,3,0.529382980024164,12843.07
MED-015,gemini_cli,medium,1.0,0.0,0.0,1.0,0.15008726003490402,0.229607250755287,0.10144927536231885,0.04894432213968591,0.2598187311178248,0.07446808510638298,0.6363636363636364,0.13333333333333333,0.0,,,,0.0,0.0,0.0,,94,409,0.33333333333333337,3,0.29044847110208555,25418.47
HARD-035,gemini_cli,hard,1.0,0.0,0.0,1.0,0.17079207920792083,0.2401656314699793,0.13725490196078433,0.06422111320482889,0.28571428571428575,0.09722222222222222,0.6363636363636364,0.16867469879518074,0.0,,,,0.0,0.0,0.0,,72,265,0.33333333333333337,3,0.25761301940547227,13856.43
CODEGEN-E003,gemini_cli,medium,1.0,0.0,0.0,1.0,0.14314516129032262,0.2268760907504363,0.1206896551724138,0.04894432213968591,0.24781849912739967,0.07446808510638298,0.6363636363636364,0.13333333333333333,0.0,,,,0.0,0.0,0.0,,94,277,0.33333333333333337,3,0.5416498647400084,13271.56
HARD-023,gemini_cli,hard,1.0,0.0,0.0,1.0,0.2222222222222222,0.28992628992628994,0.09523809523809523,0.04866005455185134,0.3587223587223587,0.0851063829787234,0.4444444444444444,0.14285714285714285,0.0,,,,0.0,0.0,0.0,,47,223,0.33333333333333337,3,0.5451104982038198,21688.5
MED-008,gemini_cli,medium,1.0,0.0,0.0,1.0,0.3058823529411765,0.3422818791946309,0.2,3.686098807841584e-06,0.436241610738255,0.23076923076923078,0.3333333333333333,0.27272727272727276,0.0,,,,0.0,0.0,0.0,,26,129,0.6666666666666667,2,0.7725024727992086,11711.65
EASY-009,gemini_cli,easy,1.0,0.0,0.0,1.0,0.22352941176470587,0.4473684210526316,0.2222222222222222,2.4925978680787537e-06,0.4605263157894737,0.4444444444444444,0.26666666666666666,0.33333333333333337,0.0,,,,0.0,0.0,0.0,,9,55,1.0,1,1.0,10107.29
MED-024,gemini_cli,medium,1.0,0.0,0.0,1.0,0.13528336380255945,0.21405750798722045,0.08771929824561403,0.027374824061844095,0.23642172523961663,0.05747126436781609,0.5555555555555556,0.10416666666666666,0.0,,,,0.0,0.0,0.0,,87,366,0.33333333333333337,3,0.28663119169622914,12175.9
HARD-019,gemini_cli,hard,1.0,0.0,0.0,1.0,0.029736942432329383,0.05477424130273871,0.05084745762711865,0.007456633089574179,0.05773501110288675,0.01818181818181818,0.6666666666666666,0.035398230088495575,0.0,,,,0.0,0.0,0.0,,330,1610,0.33333333333333337,3,0.24504201383112037,17352.41
MED-012,gemini_cli,medium,1.0,0.0,0.0,1.0,0.14454976303317535,0.18661257606490872,0.08163265306122448,0.03659077559994753,0.24746450304259635,0.06451612903225806,0.4444444444444444,0.11267605633802817,0.0,,,,0.0,0.0,0.0,,62,265,0.33333333333333337,3,0.4521808063339185,10463.95
CODEGEN-H001,gemini_cli,hard,1.0,0.0,0.0,1.0,0.24633431085043989,0.3225806451612903,0.1111111111111111,0.06066858206200528,0.38709677419354843,0.10526315789473684,0.4444444444444444,0.1702127659574468,0.0,,,,0.0,0.0,0.0,,38,217,0.33333333333333337,3,0.510636004502818,12618.82
MED-004,gemini_cli,medium,0.6666666666666666,0.0,0.0,0.6666666666666666,0.2530120481927711,0.051593323216995446,0.12280701754385964,2.1270136555942973e-08,0.4946889226100152,0.25,0.23809523809523808,0.24390243902439024,0.0,,,,0.0,0.0,0.0,,40,224,0.33333333333333337,3,0.16198545880720688,19875.19
EASY-005,gemini_cli,easy,1.0,0.0,0.0,1.0,0.15962441314553988,0.24334600760456274,0.1,1.843049403544504e-08,0.28136882129277563,0.11538461538461539,0.2727272727272727,0.16216216216216214,0.0,,,,0.0,0.0,0.0,,26,140,0.6666666666666667,2,0.94679186228482,12730.26
MED-028,gemini_cli,medium,1.0,0.0,0.0,1.0,0.5128205128205128,0.6580645161290323,0.25,0.23462350331428217,0.6580645161290323,0.36363636363636365,0.4444444444444444,0.39999999999999997,0.0,,,,0.0,0.0,0.0,,11,64,1.0,1,1.0,10158.05
CODEGEN-M002,gemini_cli,medium,1.0,0.0,0.0,1.0,0.2218543046357616,0.27586206896551724,0.12903225806451613,0.06610740221530727,0.3554376657824934,0.11428571428571428,0.4444444444444444,0.1818181818181818,0.0,,,,0.0,0.0,0.0,,35,221,0.6666666666666667,2,0.8178900922583233,11929.3
HARD-003,gemini_cli,hard,0.33333333333333326,0.0,0.0,0.3333333333333333,0.07321965897693083,0.09124767225325885,0.07317073170731707,0.03191225870163195,0.13594040968342647,0.043478260869565216,0.5454545454545454,0.08053691275167786,0.0,,,,0.0,0.0,0.0,,138,650,0.33333333333333337,3,0.22969985372425827,40819.75
HARD-015,gemini_cli,hard,0.6666666666666666,0.0,0.0,0.6666666666666666,0.06550907655880034,0.10355029585798817,0.04504504504504504,0.013412007899181238,0.1227810650887574,0.028409090909090908,0.5555555555555556,0.05405405405405405,0.0,,,,0.0,0.0,0.0,,176,939,0.33333333333333337,3,0.16313772344883834,12011.08
CODEGEN-001,gemini_cli,easy,1.0,0.0,0.0,1.0,0.23668639053254437,0.33649289099526064,0.1590909090909091,0.10176289503833497,0.37914691943127954,0.15217391304347827,0.6363636363636364,0.2456140350877193,0.0,,,,0.0,0.0,0.0,,46,245,0.33333333333333337,3,0.8856153162070415,11361.87
EASY-013,gemini_cli,easy,1.0,0.0,0.0,1.0,0.12595419847328249,0.22429906542056074,0.125,2.1200626788308523e-06,0.2367601246105919,0.08888888888888889,0.5714285714285714,0.15384615384615385,0.0,,,,0.0,0.0,0.0,,45,130,0.33333333333333337,3,0.8386200547574362,10499.31
EASY-012,gemini_cli,easy,1.0,0.0,0.0,1.0,0.39534883720930236,0.4430379746835443,0.2571428571428571,2.796081703303603e-06,0.5443037974683543,0.38461538461538464,0.3125,0.3448275862068966,0.0,,,,0.0,0.0,0.0,,26,111,0.6666666666666667,2,0.7735124760076776,11403.15
HARD-014,gemini_cli,hard,1.0,0.0,0.0,1.0,0.0679970436067997,0.10926694329183956,0.04310344827586207,0.01261665687949383,0.12724757952973723,0.026737967914438502,0.5555555555555556,0.0510204081632653,0.0,,,,0.0,0.0,0.0,,187,954,0.33333333333333337,3,0.3460940105445314,13152.53
MED-029,gemini_cli,medium,1.0,0.0,0.0,1.0,0.2542955326460481,0.336,0.14285714285714285,0.06595800600507495,0.39466666666666667,0.13513513513513514,0.5555555555555556,0.2173913043478261,0.0,,,,0.0,0.0,0.0,,37,205,0.6666666666666667,2,0.9802210587550902,13077.94
CODEGEN-M003,gemini_cli,medium,1.0,0.0,0.0,1.0,0.19426751592356684,0.2849740932642487,0.14705882352941177,0.062437025827947676,0.3212435233160622,0.1282051282051282,0.5555555555555556,0.20833333333333334,0.0,,,,0.0,0.0,0.0,,39,217,0.6666666666666667,2,0.933972310969116,11879.81
HARD-002,gemini_cli,hard,1.0,0.0,0.0,1.0,0.20723684210526316,0.2765957446808511,0.14814814814814814,0.09849349480133396,0.33510638297872336,0.16666666666666666,0.4444444444444444,0.24242424242424243,0.0,,,,0.0,0.0,0.0,,24,205,0.33333333333333337,3,0.8074302125444976,13916.22
EASY-004,gemini_cli,easy,1.0,0.0,0.0,1.0,0.2815533980582524,0.3625,0.14285714285714285,2.1515344524182883e-08,0.43750000000000006,0.21428571428571427,0.2727272727272727,0.23999999999999996,0.0,,,,0.0,0.0,0.0,,14,74,0.6666666666666667,2,0.6780303030303031,11592.13
MED-005,gemini_cli,medium,1.0,0.0,0.0,1.0,0.2421875,0.06481481481481481,0.18,2.2454832124625922e-06,0.38888888888888895,0.15,0.45,0.22500000000000003,0.0,,,,0.0,0.0,0.0,,60,433,0.33333333333333337,3,0.4808118517796948,12700.18
HARD-038,gemini_cli,hard,1.0,0.0,0.0,1.0,0.15348837209302324,0.199203187250996,0.10810810810810811,0.042988071560927675,0.26294820717131473,0.07547169811320754,0.4444444444444444,0.12903225806451613,0.0,,,,0.0,0.0,0.0,,53,270,0.33333333333333337,3,0.48229807393240254,20627.1
MED-013,gemini_cli,medium,1.0,0.0,0.0,1.0,0.16515837104072395,0.2361904761904762,0.13636363636363635,0.0645403684611652,0.2819047619047619,0.08695652173913043,0.5454545454545454,0.15000000000000002,0.0,,,,0.0,0.0,0.0,,69,269,0.33333333333333337,3,0.3716834412616457,11735.07
HARD-018,gemini_cli,hard,1.0,0.0,0.0,1.0,0.2039312039312039,0.2925851703406814,0.13636363636363635,0.07711027187088126,0.33266533066132264,0.10344827586206896,0.5454545454545454,0.17391304347826086,0.0,,,,0.0,0.0,0.0,,58,250,0.33333333333333337,3,0.8455171053347789,13506.03
MED-025,gemini_cli,medium,1.0,0.0,0.0,1.0,0.2544378698224852,0.3325635103926097,0.21052631578947367,0.1856677481520477,0.3972286374133949,0.2222222222222222,0.6153846153846154,0.326530612244898,0.0,,,,0.0,0.0,0.0,,36,243,0.33333333333333337,3,0.8964967942515921,10624.1
EASY-008,gemini_cli,easy,1.0,0.0,0.0,1.0,0.44318181818181823,0.5714285714285714,0.2857142857142857,4.3668354442397346e-06,0.5850340136054422,0.36363636363636365,0.5714285714285714,0.4444444444444444,0.0,,,,0.0,0.0,0.0,,11,74,1.0,1,1.0,12629.93
HARD-022,gemini_cli,hard,1.0,0.0,0.0,1.0,0.12121212121212122,0.18,0.07575757575757576,0.027698842873892657,0.21333333333333335,0.05813953488372093,0.5555555555555556,0.10526315789473685,0.0,,,,0.0,0.0,0.0,,86,321,0.33333333333333337,3,0.32632614394780723,25569.61
MED-009,gemini_cli,medium,0.6666666666666666,0.0,0.0,0.6666666666666666,0.3317073170731707,0.07228915662650602,0.11764705882352941,1.843049403544504e-08,0.4926372155287818,0.11538461538461539,0.17647058823529413,0.13953488372093026,0.0,,,,0.0,0.0,0.0,,52,205,0.33333333333333337,3,0.20613416427762551,11085.3
CODEGEN-E002,gemini_cli,medium,1.0,0.0,0.0,1.0,0.14757709251101325,0.18975332068311196,0.1111111111111111,0.0560569930890115,0.25426944971537,0.0975609756097561,0.4444444444444444,0.16,0.0,,,,0.0,0.0,0.0,,41,317,0.33333333333333337,3,0.6995160313146922,12249.25
HARD-034,gemini_cli,hard,1.0,0.0,0.0,1.0,0.21285140562248994,0.28125,0.10256410256410256,0.04564850055838229,0.33125000000000004,0.08,0.4444444444444444,0.13559322033898308,0.0,,,,0.0,0.0,0.0,,50,145,0.33333333333333337,3,0.6800268811787942,12579.26
